timestamp,open,high,low,close,volume,target
2023-01-01 00:00:00,50248.357076505614,50484.09317511453,50118.70507765104,50248.357076505614,133.30687124394336,0
2023-01-01 01:00:00,50248.357076505614,50531.428303166314,50053.175072792204,50178.88153674378,208.51019719955093,1
2023-01-01 02:00:00,50178.88153674378,50559.977492625134,50382.991075776226,50503.88440100439,405.8874673912595,1
2023-01-01 03:00:00,50503.88440100439,51339.99198696513,51238.46823142379,51273.073639077484,383.7613040475493,0
2023-01-01 04:00:00,51273.073639077484,51523.102421226555,51102.74415868163,51153.0160068272,386.8772526388629,0
2023-01-01 05:00:00,51153.0160068272,51254.672229712654,50961.02762826466,51033.247891761086,654.2768693640741,1
2023-01-01 06:00:00,51033.247891761086,51860.49915178905,51563.003383265444,51839.17148263743,945.1609286616066,1
2023-01-01 07:00:00,51839.17148263743,52556.47721273888,52058.5011445599,52237.00328790032,461.73782224831797,0
2023-01-01 08:00:00,52237.00328790032,52589.38278028131,51897.440853574655,51991.76393748363,886.3094027677049,1
2023-01-01 09:00:00,51991.76393748363,52713.42659556945,51814.2067687119,52273.85047456396,763.8240714300024,0
2023-01-01 10:00:00,52273.85047456396,52140.919173542214,51958.295676557216,52031.604202750495,419.1599418766989,0
2023-01-01 11:00:00,52031.604202750495,52049.80761684352,51517.14768544426,51789.27754071837,310.246975944919,1
2023-01-01 12:00:00,51789.27754071837,51923.591311285294,51853.79224630555,51914.588053083535,445.8939824437135,0
2023-01-01 13:00:00,51914.588053083535,51193.892721911776,50747.51612641341,50921.316495768406,954.9650655552028,0
2023-01-01 14:00:00,50921.316495768406,50289.25768674666,49989.42244510183,50042.9656269825,950.2588200622693,0
2023-01-01 15:00:00,50042.9656269825,50336.257543495674,49596.39747422071,49761.580271999635,250.3305514828677,0
2023-01-01 16:00:00,49761.580271999635,49298.57466543052,49136.2947145983,49257.57950103463,646.9631153909733,1
2023-01-01 17:00:00,49257.57950103463,49800.24743719197,49394.09670393378,49412.370130717616,258.87522880495743,0
2023-01-01 18:00:00,49412.370130717616,49116.2502236503,48827.70285545207,48963.69391364505,801.626026210078,0
2023-01-01 19:00:00,48963.69391364505,48391.885382259425,48231.60149148603,48272.17785219216,972.1923671267302,1
2023-01-01 20:00:00,48272.17785219216,49327.557639007966,48839.903582942155,48979.67843261443,726.418556248413,0
2023-01-01 21:00:00,48979.67843261443,48953.055572293786,48777.084992303375,48869.09392665907,301.9965146529946,1
2023-01-01 22:00:00,48869.09392665907,48951.7111519907,48531.479039836595,48902.094348435,633.6459413575328,0
2023-01-01 23:00:00,48902.094348435,48407.85170118941,48165.666053692046,48205.36264618528,889.7147763673423,0
2023-01-02 00:00:00,48205.36264618528,48089.835439749164,47850.00321461609,47942.94097964473,899.8732718820795,1
2023-01-02 01:00:00,47942.94097964473,48126.549773593244,47736.07523357344,47996.12053136242,595.7716335482254,0
2023-01-02 02:00:00,47996.12053136242,47485.66341213894,47254.3174385646,47443.68826663458,435.41966531108255,1
2023-01-02 03:00:00,47443.68826663458,47832.446218465586,47395.566262938475,47621.93326328242,546.2881615708937,0
2023-01-02 04:00:00,47621.93326328242,47458.4054842146,47282.931489505194,47335.897507215836,866.0862226438918,0
2023-01-02 05:00:00,47335.897507215836,48019.25462431491,46992.45844587477,47197.82165277874,633.1670061935658,0
2023-01-02 06:00:00,47197.82165277874,47028.63663121154,46668.90131364107,46913.82923906573,710.2145373031572,1
2023-01-02 07:00:00,46913.82923906573,48174.478615141095,47672.29452973603,47782.80386357872,890.7669877196422,0
2023-01-02 08:00:00,47782.80386357872,47917.45118407958,47511.505434586594,47776.35451115517,865.5235561848177,0
2023-01-02 09:00:00,47776.35451115517,47366.88857236445,47102.023238119116,47271.018788033965,853.3119955273048,1
2023-01-02 10:00:00,47271.018788033965,47914.031895286316,47381.201919956504,47659.844147974276,656.7502403936659,0
2023-01-02 11:00:00,47659.844147974276,47230.8050870023,46964.872471945746,47077.99196710764,892.7836832790356,1
2023-01-02 12:00:00,47077.99196710764,47215.74083438995,47141.7136939356,47176.320753586195,401.6069688332277,0
2023-01-02 13:00:00,47176.320753586195,46411.2829659894,46137.35752148794,46251.82049023247,836.170321707156,0
2023-01-02 14:00:00,46251.82049023247,45644.06947387815,45345.78346311644,45637.51026311966,105.74728454515022,1
2023-01-02 15:00:00,45637.51026311966,45914.32116010293,45386.822820139016,45727.352829843534,983.0675602246811,1
2023-01-02 16:00:00,45727.352829843534,46378.243145584405,45893.15306876956,46065.03404840852,670.6051327896503,1
2023-01-02 17:00:00,46065.03404840852,46488.931975654355,46094.68612076747,46143.97490548685,196.28257494426256,0
2023-01-02 18:00:00,46143.97490548685,46148.081421852636,45727.081270021874,46090.610191083,966.6928034730952,0
2023-01-02 19:00:00,46090.610191083,46229.60432226886,45620.6331697601,45951.82966047799,938.8252949590158,0
2023-01-02 20:00:00,45951.82966047799,45373.47740838705,45228.487133888055,45272.42175397164,370.8672102521346,0
2023-01-02 21:00:00,45272.42175397164,45028.09920065397,44907.28370143611,44946.53084797565,623.953414158646,0
2023-01-02 22:00:00,44946.53084797565,45006.81858242159,44398.756676494486,44739.48970068847,141.16783043126156,1
2023-01-02 23:00:00,44739.48970068847,45295.42873771692,45093.57606550607,45212.440790211374,122.12822481292136,1
2023-01-03 00:00:00,45212.440790211374,45722.92090341311,45352.88428278211,45367.79900592685,714.9658389458547,0
2023-01-03 01:00:00,45367.79900592685,44946.99543987703,44477.363727958524,44567.9464918481,997.4120501419401,1
2023-01-03 02:00:00,44567.9464918481,45036.10483012866,44220.8147798665,44712.38406191664,247.26143907250227,0
2023-01-03 03:00:00,44712.38406191664,44684.656569019535,44320.329891891946,44540.20459374251,298.69265150988434,0
2023-01-03 04:00:00,44540.20459374251,44292.62928566842,44113.931617194845,44238.70214986618,689.0600928530217,1
2023-01-03 05:00:00,44238.70214986618,44558.796986587564,44254.0481740773,44509.29980140785,949.254328150839,1
2023-01-03 06:00:00,44509.29980140785,45383.39009066115,44727.591591871584,44968.19046982665,457.83495816651487,1
2023-01-03 07:00:00,44968.19046982665,45590.73248974992,45340.09299791853,45386.97028759846,306.95914530197757,0
2023-01-03 08:00:00,45386.97028759846,45287.70926488505,44681.18399028728,45006.07487968508,877.9224248556734,0
2023-01-03 09:00:00,45006.07487968508,44980.3120488101,44860.42167532095,44866.91052627223,266.972964132809,1
2023-01-03 10:00:00,44866.91052627223,45092.67802324531,44912.733233736886,45015.53819364633,793.8296601796468,1
2023-01-03 11:00:00,45015.53819364633,45559.214728088606,45316.613220822575,45454.68508294236,663.5982894682738,0
2023-01-03 12:00:00,45454.68508294236,45281.32796296535,45076.51235991847,45236.87794213119,816.8835618785587,0
2023-01-03 13:00:00,45236.87794213119,45385.590995930295,45141.656108387346,45152.89161746917,212.66721298229538,0
2023-01-03 14:00:00,45152.89161746917,44804.365294658426,44251.2592738618,44653.34938573007,280.472254030303,0
2023-01-03 15:00:00,44653.34938573007,44282.62773971614,44116.05095911678,44119.20306250408,623.774261722959,1
2023-01-03 16:00:00,44119.20306250408,44664.63236637705,44332.54696773859,44477.682980021455,379.3257630312164,1
2023-01-03 17:00:00,44477.682980021455,45143.321374770334,45075.184314167665,45080.907120377335,165.202199015103,0
2023-01-03 18:00:00,45080.907120377335,45150.322784506425,44502.48434011988,45048.444304350436,640.0184933073733,1
2023-01-03 19:00:00,45048.444304350436,45733.374071795646,45251.71683283072,45500.52026293316,874.1101574702841,1
2023-01-03 20:00:00,45500.52026293316,45885.8516853606,45654.17282452434,45665.06653578803,317.8405142762747,0
2023-01-03 21:00:00,45665.06653578803,45915.37750347755,45365.34460640895,45370.47217061208,732.2184734896936,1
2023-01-03 22:00:00,45370.47217061208,45584.74646177712,45528.31790524829,45534.43906323509,393.8151774195927,1
2023-01-03 23:00:00,45534.43906323509,46437.35737026613,46226.06932425522,46234.77538636281,415.5642380882627,0
2023-01-04 00:00:00,46234.77538636281,46449.676723936886,46153.251533988325,46218.211297650494,610.7867634354023,1
2023-01-04 01:00:00,46218.211297650494,47173.45911935228,46795.06655340826,46941.3616085499,280.1352198203291,0
2023-01-04 02:00:00,46941.3616085499,46031.45158893752,45500.285079414556,45711.61758601685,128.42753034307782,1
2023-01-04 03:00:00,45711.61758601685,46504.869077612384,46004.84332327224,46087.322515746746,883.8722113714771,1
2023-01-04 04:00:00,46087.322515746746,46333.90503735277,45980.945932399365,46127.440178826175,405.50517328852544,0
2023-01-04 05:00:00,46127.440178826175,46015.85241235255,45771.03209163076,45989.51574210974,835.5679929662443,1
2023-01-04 06:00:00,45989.51574210974,46509.35517527109,45873.093589043005,46031.71607887962,573.7623948425019,0
2023-01-04 07:00:00,46031.71607887962,45200.16217103672,45070.66092418053,45116.803999238466,154.31687559150743,0
2023-01-04 08:00:00,45116.803999238466,45164.321749391485,44908.777939544765,45017.69506416139,884.6052099329816,1
2023-01-04 09:00:00,45017.69506416139,45411.48403806272,45058.89451925275,45178.45891264033,810.7286564282313,1
2023-01-04 10:00:00,45178.45891264033,45851.73148770378,45355.07443969336,45846.14866641624,599.8271958438681,0
2023-01-04 11:00:00,45846.14866641624,45821.354244888455,45436.751284754275,45608.541731652746,996.7005244510677,0
2023-01-04 12:00:00,45608.541731652746,45248.395938059606,45212.64862355356,45239.799589379465,279.5882058362306,0
2023-01-04 13:00:00,45239.799589379465,45125.845403281215,44965.18329198315,45012.80570843622,127.58725198522546,1
2023-01-04 14:00:00,45012.80570843622,45483.310343157944,45045.87794637366,45424.85388512837,881.4452548675424,1
2023-01-04 15:00:00,45424.85388512837,45786.76463297087,45375.22113449065,45574.188596337015,482.94400100326783,0
2023-01-04 16:00:00,45574.188596337015,45610.591352456184,45000.83394592898,45332.75468196389,988.884607362452,1
2023-01-04 17:00:00,45332.75468196389,45921.254977384975,45109.382859652476,45565.43294827958,752.7318943736228,1
2023-01-04 18:00:00,45565.43294827958,45855.658120668886,45600.88496162994,45609.6667539356,910.6316776101327,1
2023-01-04 19:00:00,45609.6667539356,46427.46170975486,45919.578388007336,46051.46250614634,633.1152957340261,0
2023-01-04 20:00:00,46051.46250614634,46065.75413193278,45412.61161971924,45728.156788846165,759.8017201737529,0
2023-01-04 21:00:00,45728.156788846165,45669.850013640724,45422.07809474028,45578.32292871224,918.1292685990769,0
2023-01-04 22:00:00,45578.32292871224,45524.52479594376,45247.149424980715,45399.60660844785,974.2555846374756,0
2023-01-04 23:00:00,45399.60660844785,44807.60285876436,44669.97730093313,44735.17657934004,543.0500708032314,1
2023-01-05 00:00:00,44735.17657934004,44989.596806062764,44784.5035439576,44867.64650817211,500.77472950239894,1
2023-01-05 01:00:00,44867.64650817211,45487.35172835512,44931.8738069623,44984.77586488474,633.6557662914347,1
2023-01-05 02:00:00,44984.77586488474,45068.60193303352,44735.22276787763,44987.0761418943,972.4710901017588,0
2023-01-05 03:00:00,44987.0761418943,45062.70505202878,44601.98273951084,44881.54224958374,392.6710578022254,0
2023-01-05 04:00:00,44881.54224958374,44349.77227507202,44169.64445497055,44246.30203200214,972.8389405706903,0
2023-01-05 05:00:00,44246.30203200214,44402.947920827595,44000.17295178286,44060.18203200789,166.1470725970114,0
2023-01-05 06:00:00,44060.18203200789,43926.047323923354,43627.50570069285,43909.181392176084,403.30285878815766,0
2023-01-05 07:00:00,43909.181392176084,43613.368749161455,43288.23007202306,43556.908010765364,323.84284532886693,0
2023-01-05 08:00:00,43556.908010765364,43812.97207253656,43301.790435582174,43486.656941700494,250.33771711085487,1
2023-01-05 09:00:00,43486.656941700494,43847.292516904854,43395.4787449532,43662.36515167343,527.1677881748325,1
2023-01-05 10:00:00,43662.36515167343,44570.87227435266,44390.26453889792,44485.918527299356,626.8189279570769,1
2023-01-05 11:00:00,44485.918527299356,44631.163627047295,44478.97127730025,44563.581070882465,200.7276574579551,1
2023-01-05 12:00:00,44563.581070882465,44694.34988039312,44670.03960661407,44678.35474805058,578.0525752009288,0
2023-01-05 13:00:00,44678.35474805058,44674.317316958564,44414.065254037414,44645.09353770914,940.4875157751144,0
2023-01-05 14:00:00,44645.09353770914,43805.67290185155,43350.96571675958,43788.45633386424,137.41557314535288,0
2023-01-05 15:00:00,43788.45633386424,43807.34621362266,43677.79356502882,43776.84631709074,881.1264650680199,1
2023-01-05 16:00:00,43776.84631709074,44021.79345164041,43168.886744418596,43803.21320353309,539.9619222312282,1
2023-01-05 17:00:00,43803.21320353309,45077.68436379291,44791.6672545866,44882.19239778422,126.97623088541016,0
2023-01-05 18:00:00,44882.19239778422,45044.06657208497,44562.93919563463,44795.85657947292,281.66810691065353,1
2023-01-05 19:00:00,44795.85657947292,44993.06985072802,44784.75144874834,44930.937294463896,499.375197374114,0
2023-01-05 20:00:00,44930.937294463896,44958.1637962211,44866.510612797996,44915.34097098384,723.3633570035481,0
2023-01-05 21:00:00,44915.34097098384,44397.28082192328,43945.76474288299,44390.425245534025,656.0625161810924,1
2023-01-05 22:00:00,44390.425245534025,44942.87360536159,44661.869170175,44897.729152700216,127.34835372715318,1
2023-01-05 23:00:00,44897.729152700216,45280.01482294575,45133.72502661022,45235.33000912561,708.8620471995218,1
2023-01-06 00:00:00,45235.33000912561,45738.76455386982,45332.58991482606,45593.15592084814,454.4779650887426,0
2023-01-06 01:00:00,45593.15592084814,45352.842676086184,45111.53131236736,45178.53748065894,692.0607741427324,1
2023-01-06 02:00:00,45178.53748065894,45826.99105989842,45736.99262428409,45812.299434201756,883.6781053035332,0
2023-01-06 03:00:00,45812.299434201756,45247.00387693229,44845.94290627862,45170.079227693815,764.6042883261939,1
2023-01-06 04:00:00,45170.079227693815,45490.629524577715,45216.14575352773,45435.163041916734,394.32984540691484,1
2023-01-06 05:00:00,45435.163041916734,46673.44472900262,46298.08502321719,46430.40012686433,786.0566212989542,0
2023-01-06 06:00:00,46430.40012686433,46038.885848201855,45654.28056516685,45970.490147704215,836.0507945575195,0
2023-01-06 07:00:00,45970.490147704215,45737.70066787595,45475.055962362,45710.1603057105,105.18279444830941,1
2023-01-06 08:00:00,45710.1603057105,46006.51533527375,45426.25834364051,45755.711104438895,456.55542244832986,0
2023-01-06 09:00:00,45755.711104438895,45726.82909480599,45171.93769867609,45525.3422386603,503.8242603602776,0
2023-01-06 10:00:00,45525.3422386603,44962.586807178166,44522.89696843354,44819.39740469769,304.54266453683636,1
2023-01-06 11:00:00,44819.39740469769,44888.180857468426,44693.12548799976,44850.12691684848,701.3915186995147,0
2023-01-06 12:00:00,44850.12691684848,44526.36117714004,43873.93799826557,44373.682352999924,441.80720216130686,1
2023-01-06 13:00:00,44373.682352999924,44597.016666258336,44332.79968807235,44583.832753817835,531.2636898667579,0
2023-01-06 14:00:00,44583.832753817835,44480.83249326488,43810.499642731316,44173.91819092897,622.1551323045991,1
2023-01-06 15:00:00,44173.91819092897,45380.87771500703,44695.93861877141,44858.584947014475,788.3949353879154,0
2023-01-06 16:00:00,44858.584947014475,44639.58294075871,44317.31279667935,44507.22860352154,959.9713263594413,0
2023-01-06 17:00:00,44507.22860352154,44419.93854600293,44276.91597755043,44363.88794825991,934.331090316676,1
2023-01-06 18:00:00,44363.88794825991,44893.400376457656,44662.03013749744,44724.79581501359,537.284583267693,0
2023-01-06 19:00:00,44724.79581501359,44366.57891736774,43956.89657502441,44174.29426272864,376.56096843365793,1
2023-01-06 20:00:00,44174.29426272864,44314.59694717739,43966.62015677189,44274.77308357048,380.1769292404033,1
2023-01-06 21:00:00,44274.77308357048,45193.16469671435,44680.13010850992,44853.50757190736,345.3616006601804,0
2023-01-06 22:00:00,44853.50757190736,44349.29305728235,44082.92685077855,44132.494957576295,263.0344145812123,1
2023-01-06 23:00:00,44132.494957576295,44428.23933947775,44092.160728751696,44213.978485883046,572.6470453003542,1
2023-01-07 00:00:00,44213.978485883046,44462.17278828997,44258.00512888619,44328.883008620556,610.5809976660132,1
2023-01-07 01:00:00,44328.883008620556,44987.6070526659,44658.67085506216,44675.456354785354,595.2038879406356,0
2023-01-07 02:00:00,44675.456354785354,44150.469285154606,44028.11001348814,44122.84297981681,956.2630079859913,0
2023-01-07 03:00:00,44122.84297981681,43802.800902705545,43456.628952485786,43540.21998180902,895.785817013567,1
2023-01-07 04:00:00,43540.21998180902,43921.09650408825,43622.40699267134,43767.47448765511,649.8828899658926,1
2023-01-07 05:00:00,43767.47448765511,44149.740195253995,43831.41257222056,43897.45717874469,910.02081105821,1
2023-01-07 06:00:00,43897.45717874469,44281.11321197541,43854.95232996617,44007.41717046109,802.4729637194756,1
2023-01-07 07:00:00,44007.41717046109,44337.16027515794,44036.133463491824,44159.880079294024,481.3644282838865,0
2023-01-07 08:00:00,44159.880079294024,44007.277063961716,43798.39914108859,43859.58197773541,661.4733922089157,1
2023-01-07 09:00:00,43859.58197773541,44450.01206424194,43689.36547633209,43961.447478438065,251.21278697037707,1
2023-01-07 10:00:00,43961.447478438065,44230.00340076718,43999.0637763092,44090.28637986103,295.0658200816981,0
2023-01-07 11:00:00,44090.28637986103,44043.35971361361,43420.003218740974,43775.3267938946,592.027671442663,1
2023-01-07 12:00:00,43775.3267938946,44716.37426273509,44286.66389270183,44592.07568338541,635.0287016675558,1
2023-01-07 13:00:00,44592.07568338541,44873.79481437719,44802.9008123819,44803.36761809119,222.79577730105981,0
2023-01-07 14:00:00,44803.36761809119,44447.51538562681,43906.8081132759,44269.62353279231,485.3796534330533,1
2023-01-07 15:00:00,44269.62353279231,44777.817042426155,44314.293665012025,44560.27734362547,992.1303943319695,0
2023-01-07 16:00:00,44560.27734362547,44251.49110112783,43766.683695466556,44125.9564881547,346.74459990382525,1
2023-01-07 17:00:00,44125.9564881547,44718.04134222657,44315.09623641323,44473.26509792706,419.4966752487436,1
2023-01-07 18:00:00,44473.26509792706,44996.19720692827,44815.33056070095,44988.530381191886,160.8513072329934,0
2023-01-07 19:00:00,44988.530381191886,44758.04300785279,44462.8435298526,44619.31746706716,586.0107231440595,1
2023-01-07 20:00:00,44619.31746706716,45123.69871860593,44861.420383951,45049.16932057663,579.6620078962018,1
2023-01-07 21:00:00,45049.16932057663,45500.33796614678,44956.143288572726,45235.123699275304,702.5382596783711,1
2023-01-07 22:00:00,45235.123699275304,45988.388536859835,45511.43266402817,45606.98362953127,518.6850510553463,1
2023-01-07 23:00:00,45606.98362953127,46494.461059405076,46313.84254296185,46472.053694616356,961.8627560548422,0
2023-01-08 00:00:00,46472.053694616356,46482.89509432543,46144.61378812195,46358.01679758729,280.8403197931508,0
2023-01-08 01:00:00,46358.01679758729,46219.079587179025,45989.90249130251,46008.599659904954,505.3338426323666,0
2023-01-08 02:00:00,46008.599659904954,45767.044950727366,45317.52132188068,45599.34652706146,698.4205520384962,0
2023-01-08 03:00:00,45599.34652706146,45348.07881681048,44909.135445041604,45227.34236821667,237.1744119973757,0
2023-01-08 04:00:00,45227.34236821667,45466.58572916592,45160.448626356214,45192.471314128205,568.862179544838,1
2023-01-08 05:00:00,45192.471314128205,45516.51015276957,45295.553631720424,45346.64632248479,779.7433784471272,1
2023-01-08 06:00:00,45346.64632248479,45502.47825844296,45437.45068998738,45472.11632066383,803.8252789033473,1
2023-01-08 07:00:00,45472.11632066383,46093.678455869325,45644.28752327767,45848.25404985054,424.1227667243672,1
2023-01-08 08:00:00,45848.25404985054,46275.20397182906,45737.74747217482,45854.21519027001,457.2833653668551,1
2023-01-08 09:00:00,45854.21519027001,47022.15547407773,46257.54177766429,46520.721833873635,564.111484926848,0
2023-01-08 10:00:00,46520.721833873635,46399.00994334248,46203.081760325374,46397.601564668665,992.9422133409814,1
2023-01-08 11:00:00,46397.601564668665,47751.40204969886,47549.13092943073,47659.69481646788,937.5356931795246,1
2023-01-08 12:00:00,47659.69481646788,47977.50778020804,47934.1732714247,47957.88596497898,442.5609641289221,0
2023-01-08 13:00:00,47957.88596497898,47681.949107892084,47404.267380664176,47546.81132153266,374.2112251882367,0
2023-01-08 14:00:00,47546.81132153266,47078.784552848774,46859.8937570931,47037.63608602309,256.1720634878578,1
2023-01-08 15:00:00,47037.63608602309,47509.546330014746,46954.2715473553,47264.57970492063,978.0491807739234,0
2023-01-08 16:00:00,47264.57970492063,47415.009491610515,47047.02958148185,47158.96095863946,219.27220546766358,1
2023-01-08 17:00:00,47158.96095863946,48081.031322885356,47424.399344123114,47495.67617289284,788.3288208126959,1
2023-01-08 18:00:00,47495.67617289284,47722.91374064442,47407.436548011276,47720.44358258858,458.7967249950818,0
2023-01-08 19:00:00,47720.44358258858,47774.31623249296,47449.09359193804,47685.68930241234,161.35507844694422,0
2023-01-08 20:00:00,47685.68930241234,47295.28245853565,47156.66550857065,47281.88988098189,969.239945037898,0
2023-01-08 21:00:00,47281.88988098189,46985.2931193136,46415.111174876365,46565.64148434081,555.5276765562196,0
2023-01-08 22:00:00,46565.64148434081,46575.44616343771,46324.321080538175,46357.718932587304,676.7436832211856,1
2023-01-08 23:00:00,46357.718932587304,46880.98998749331,46454.91152125073,46754.72587860184,685.180983158338,1
2023-01-09 00:00:00,46754.72587860184,46904.82896342763,46505.58626179629,46854.824821793154,152.3474159549282,0
2023-01-09 01:00:00,46854.824821793154,46401.539503591885,46176.06484198771,46271.1360992905,209.24644548018603,1
2023-01-09 02:00:00,46271.1360992905,46493.42884014024,46281.16961235502,46351.26888118912,722.9452075247187,1
2023-01-09 03:00:00,46351.26888118912,46533.51787955399,46360.329429834645,46529.86837591319,997.0271684676791,0
2023-01-09 04:00:00,46529.86837591319,46219.36558091427,45844.05591423019,46118.610674218085,375.6282587079505,1
2023-01-09 05:00:00,46118.610674218085,46304.87108210579,45660.94108021568,46189.506557337634,483.4750455013343,1
2023-01-09 06:00:00,46189.506557337634,46532.25389186814,46164.45364656586,46216.39287716119,430.98341578956064,0
2023-01-09 07:00:00,46216.39287716119,45964.06611765769,45615.817458554586,45688.153233846526,760.2529425052618,1
2023-01-09 08:00:00,45688.153233846526,45983.78934944711,45257.602242635454,45851.61967129378,117.27304914075101,1
2023-01-09 09:00:00,45851.61967129378,46307.7308156188,45925.13415964203,46108.748459499606,223.39873515609915,1
2023-01-09 10:00:00,46108.748459499606,46952.776344946804,46565.39951816669,46608.12983290278,110.90869717950395,1
2023-01-09 11:00:00,46608.12983290278,47333.395736689505,47092.00123792393,47099.287261497004,593.1635400763237,0
2023-01-09 12:00:00,47099.287261497004,46728.32102137019,46413.59598623676,46450.41480836924,188.2743227058201,0
2023-01-09 13:00:00,46450.41480836924,46289.28321064665,46005.567864457444,46014.79118715192,392.20833420105396,1
2023-01-09 14:00:00,46014.79118715192,46291.7789085797,45855.935738935485,46251.78358989817,438.2994566311924,1
2023-01-09 15:00:00,46251.78358989817,46692.76821095773,45960.28234959906,46489.41875602939,806.5148894533512,1
2023-01-09 16:00:00,46489.41875602939,46885.186468172324,46485.893621511874,46728.861431709454,719.321235477888,1
2023-01-09 17:00:00,46728.861431709454,48917.223055138624,48430.50926415569,48529.19899131334,856.7844214833303,1
2023-01-09 18:00:00,48529.19899131334,49332.69817712044,48658.43422078523,48806.247583270146,693.4185299852045,1
2023-01-09 19:00:00,48806.247583270146,49428.72619426066,49163.156248266234,49360.474561087234,652.5402262840556,1
2023-01-09 20:00:00,49360.474561087234,49839.34841253428,49643.655119139214,49831.37435886862,235.15210073533748,1
2023-01-09 21:00:00,49831.37435886862,50178.2023780209,49724.09640489872,50155.97157184773,712.205001287518,0
2023-01-09 22:00:00,50155.97157184773,50089.171671019714,49951.677132392855,49997.84521913114,164.13105498873273,1
2023-01-09 23:00:00,49997.84521913114,50579.4506151673,50050.16034896906,50377.31347525421,366.8820231588897,0
2023-01-10 00:00:00,50377.31347525421,50288.01625579704,49823.8007878389,49987.98489431081,695.233549963373,0
2023-01-10 01:00:00,49987.98489431081,49982.162149379736,49760.874971089106,49869.6040449467,188.55608474205758,0
2023-01-10 02:00:00,49869.6040449467,49921.77315719312,49449.155690033695,49627.55516546582,338.54178549250366,1
2023-01-10 03:00:00,49627.55516546582,49818.96280530034,49342.57287343302,49668.187299156016,443.7456756876063,1
2023-01-10 04:00:00,49668.187299156016,50899.82570744689,50754.1022956041,50817.83625138737,653.51167123498,0
2023-01-10 05:00:00,50817.83625138737,50028.93382083162,49563.57825578556,49868.93248343695,577.2719199242424,1
2023-01-10 06:00:00,49868.93248343695,50372.72210859918,49978.22345435949,50211.16311443552,981.9732964229656,0
2023-01-10 07:00:00,50211.16311443552,49760.947721506935,48956.96704638832,49401.39971778009,773.2658614865788,0
2023-01-10 08:00:00,49401.39971778009,49300.59417491481,48904.59217889606,49168.25877036588,215.28617172958002,1
2023-01-10 09:00:00,49168.25877036588,49842.05703334062,49651.39596589814,49703.67681776424,302.15405065946675,1
2023-01-10 10:00:00,49703.67681776424,49995.44754912195,49246.6364677065,49735.62635071384,495.46449072500695,0
2023-01-10 11:00:00,49735.62635071384,49342.14495836113,49163.26949395246,49199.6032349486,316.62344064925446,0
2023-01-10 12:00:00,49199.6032349486,48901.715275378476,48780.068215243526,48847.67664806782,898.2324101883426,1
2023-01-10 13:00:00,48847.67664806782,49509.28400215938,48955.1392283112,49179.644358974976,834.3522450717555,0
2023-01-10 14:00:00,49179.644358974976,48861.247435550824,48751.47424152087,48820.452646979866,779.5377358716505,1
2023-01-10 15:00:00,48820.452646979866,49223.04461291605,48891.8699372117,48926.12871020705,755.6416094454519,1
2023-01-10 16:00:00,48926.12871020705,49110.66021838985,48661.22676029036,48948.425247253996,259.6858925227362,0
2023-01-10 17:00:00,48948.425247253996,48708.80997142888,48622.106937919605,48629.47713819532,943.649259847407,1
2023-01-10 18:00:00,48629.47713819532,49771.3325704418,49510.29472607831,49672.06593896946,836.0067968712506,1
2023-01-10 19:00:00,49672.06593896946,49994.56433704033,49614.05995121111,49986.94661373494,856.63272521008,0
2023-01-10 20:00:00,49986.94661373494,49050.264597641704,48557.81285231763,48974.63967009039,631.3129214128955,1
2023-01-10 21:00:00,48974.63967009039,49531.87951482021,49046.71393208386,49065.95499889806,608.5197935731145,0
2023-01-10 22:00:00,49065.95499889806,48924.837185552,48648.35248232502,48741.243149906004,672.6622185813233,1
2023-01-10 23:00:00,48741.243149906004,49309.700137990585,49039.22305049762,49156.72975430989,515.4017269778109,0
2023-01-11 00:00:00,49156.72975430989,48818.11982196786,48559.7651732969,48767.15247667167,820.0638718292436,0
2023-01-11 01:00:00,48767.15247667167,48774.68477671766,48370.09667307637,48711.1987813152,759.7641664267073,1
2023-01-11 02:00:00,48711.1987813152,49249.91947498117,48848.35166511689,48957.184138599725,419.8461118171655,1
2023-01-11 03:00:00,48957.184138599725,49449.66895836598,49021.833237193336,49381.033503199076,104.70665218862146,0
2023-01-11 04:00:00,49381.033503199076,48979.78406195068,48630.17218308736,48788.31473229317,962.2661321074422,0
2023-01-11 05:00:00,48788.31473229317,48977.61444378627,48356.145391618295,48625.117216567676,233.9992452992002,0
2023-01-11 06:00:00,48625.117216567676,48568.9697497407,48303.95973918821,48394.174502301066,996.7009038645226,0
2023-01-11 07:00:00,48394.174502301066,48274.44443269086,47574.59554302552,48078.001213414806,749.8638443824633,1
2023-01-11 08:00:00,48078.001213414806,48981.76184354985,48698.65291605377,48926.79632447943,452.3731283600464,1
2023-01-11 09:00:00,48926.79632447943,49537.858704456085,48940.49994757546,49124.94090135269,102.89643724385081,0
2023-01-11 10:00:00,49124.94090135269,48875.54626296932,48199.32083324345,48505.53240395096,814.7775981493759,1
2023-01-11 11:00:00,48505.53240395096,48995.075169748445,48746.19032721081,48950.74622810314,532.8756008975114,1
2023-01-11 12:00:00,48950.74622810314,50130.58996161732,49943.42933273151,49989.557522666764,621.9854086853181,1
2023-01-11 13:00:00,49989.557522666764,50975.71740941539,50029.258537943555,50505.68233799153,643.1388999368094,0
2023-01-11 14:00:00,50505.68233799153,49992.98988763779,49590.95771168179,49738.31416944795,342.8386481153929,0
2023-01-11 15:00:00,49738.31416944795,49499.20730841214,49172.65981042902,49497.46430497022,169.35245122089805,1
2023-01-11 16:00:00,49497.46430497022,50167.20533964141,50010.96393146606,50124.55319881456,806.4072794003208,0
2023-01-11 17:00:00,50124.55319881456,50005.70271980126,49600.113323873375,49769.83704104871,565.5421507974484,1
2023-01-11 18:00:00,49769.83704104871,50276.0945813054,49942.31936309174,49990.7252471936,395.3734782483804,1
2023-01-11 19:00:00,49990.7252471936,50590.37921744788,50343.90411553058,50377.970428514665,298.55075744009014,0
2023-01-11 20:00:00,50377.970428514665,50288.69063295962,49753.57945444492,49911.00166965017,998.5127602536546,0
2023-01-11 21:00:00,49911.00166965017,49928.64124493052,49737.44478071837,49881.2919681923,479.1232479646648,0
2023-01-11 22:00:00,49881.2919681923,48559.16888309314,48124.03265248096,48264.50594282278,206.50257183104858,0
2023-01-11 23:00:00,48264.50594282278,48044.14954541548,47697.4262974051,47770.09030879345,445.4496567397396,0
2023-01-12 00:00:00,47770.09030879345,48098.435669072336,47281.76483856487,47649.438274781685,266.02862782027546,0
2023-01-12 01:00:00,47649.438274781685,47386.80746098085,46778.5537691651,47054.87659768824,123.57703767885832,1
2023-01-12 02:00:00,47054.87659768824,47856.69374128114,47400.14529282554,47823.005722319984,368.85301622989573,0
2023-01-12 03:00:00,47823.005722319984,47382.533923865165,47093.12145101781,47139.0691293006,857.7402101126278,0
2023-01-12 04:00:00,47139.0691293006,47052.15672142588,46806.63364431939,46931.63625451683,512.3681980641034,1
2023-01-12 05:00:00,46931.63625451683,47254.13807700036,46980.8603790723,46992.99494668579,172.54136238141217,1
2023-01-12 06:00:00,46992.99494668579,47676.85064843438,47247.87367121547,47670.29243058456,493.1656323536616,0
2023-01-12 07:00:00,47670.29243058456,47197.29048093585,46803.012281647876,46985.81274421724,243.0173509024182,1
2023-01-12 08:00:00,46985.81274421724,47769.612640922576,47460.610318773586,47532.33468671337,776.2375774261411,1
2023-01-12 09:00:00,47532.33468671337,47621.21663521074,47508.318660175944,47537.1986995259,162.06221472077905,0
2023-01-12 10:00:00,47537.1986995259,47094.18855268998,47022.681736405044,47070.6169818242,335.53511536231537,1
2023-01-12 11:00:00,47070.6169818242,47372.07368158301,47235.851812137975,47288.131938254366,324.59157986455546,1
2023-01-12 12:00:00,47288.131938254366,47598.70208740888,47191.98136613937,47382.26354973304,504.765858205486,0
2023-01-12 13:00:00,47382.26354973304,47221.75297363621,47094.56575537188,47097.86720712768,156.3878831098191,1
2023-01-12 14:00:00,47097.86720712768,47702.02371775451,46922.4139207512,47130.74250042409,412.6089936329584,0
2023-01-12 15:00:00,47130.74250042409,47007.14169493234,46928.64075036028,46949.14134126805,604.1513651156578,1
2023-01-12 16:00:00,46949.14134126805,47369.65407425253,46878.10293508816,47002.43676013691,757.7388684826568,1
2023-01-12 17:00:00,47002.43676013691,47576.33960624424,47179.506968071924,47313.654311698134,608.7972291144489,1
2023-01-12 18:00:00,47313.654311698134,48176.14941131835,48055.4914542621,48064.05682541454,647.6745454268199,0
2023-01-12 19:00:00,48064.05682541454,47660.987338574116,47394.28576890212,47469.11248066462,236.1221458614411,1
2023-01-12 20:00:00,47469.11248066462,48659.71553089797,48285.23263952763,48481.64449253032,865.554452057024,0
2023-01-12 21:00:00,48481.64449253032,47777.076052154465,46902.265161499025,47535.240225383764,203.29198468229572,0
2023-01-12 22:00:00,47535.240225383764,47564.853594036686,47298.60415085086,47463.08881583227,160.9015257100014,1
2023-01-12 23:00:00,47463.08881583227,47832.90910753082,47309.895100702124,47742.32233406487,173.55281117210043,1
2023-01-13 00:00:00,47742.32233406487,48133.125556972554,47177.15456944085,47876.47437729144,249.19708614694818,0
2023-01-13 01:00:00,47876.47437729144,47685.013751283725,47100.18319598686,47578.34780123702,470.58898742605766,0
2023-01-13 02:00:00,47578.34780123702,47626.31181020684,46990.88417543584,47479.32667311027,156.04579529369704,0
2023-01-13 03:00:00,47479.32667311027,47575.314729042315,47231.78514853882,47245.253148842115,513.3158898372623,0
2023-01-13 04:00:00,47245.253148842115,47118.500649769354,46779.12879667961,46966.80627745377,248.2357180890663,1
2023-01-13 05:00:00,46966.80627745377,47641.017087999215,47183.8660032812,47365.83724849082,567.4472735535436,1
2023-01-13 06:00:00,47365.83724849082,47611.72839284463,47474.96257882764,47534.94062252493,891.6236694563763,0
2023-01-13 07:00:00,47534.94062252493,47290.64821404235,47084.85816576639,47205.56645785001,506.11540976288927,1
2023-01-13 08:00:00,47205.56645785001,47840.54127363964,47611.6906578259,47630.22767490238,584.8316181574428,1
2023-01-13 09:00:00,47630.22767490238,48009.13499059295,47775.30579501367,47776.59513633979,691.1020942518646,1
2023-01-13 10:00:00,47776.59513633979,48267.63044774341,47888.37881195715,48164.95297987415,798.0506658327947,1
2023-01-13 11:00:00,48164.95297987415,48911.88379489053,48419.5872432527,48468.21341553438,813.5689771304554,0
2023-01-13 12:00:00,48468.21341553438,48516.62787994747,47806.8441552438,48066.41434443654,818.1227436543047,0
2023-01-13 13:00:00,48066.41434443654,47980.07277963572,47751.31280433731,47797.155404576486,579.725980521526,1
2023-01-13 14:00:00,47797.155404576486,48271.05043599993,47950.561757642216,48154.34049034572,813.935215394429,1
2023-01-13 15:00:00,48154.34049034572,48650.242841111736,48344.640171932406,48448.260266214376,915.5289292891898,0
2023-01-13 16:00:00,48448.260266214376,48519.213269231084,48340.37391620215,48438.13380757083,265.8023553142235,1
2023-01-13 17:00:00,48438.13380757083,48567.21819311331,48310.46475804274,48494.96500249086,236.8938549000456,1
2023-01-13 18:00:00,48494.96500249086,49621.06825005322,48852.41105622342,49114.56814655257,175.11767649044498,0
2023-01-13 19:00:00,49114.56814655257,48870.77453089446,48765.12933486011,48824.02041364729,554.6860962189744,1
2023-01-13 20:00:00,48824.02041364729,49110.68378229809,48980.098125319586,49091.135350712284,985.699287132848,0
2023-01-13 21:00:00,49091.135350712284,49273.269727717794,48641.01106123724,48991.87668203677,249.3594057662065,0
2023-01-13 22:00:00,48991.87668203677,48930.973528119765,48644.29238477226,48885.23057539172,246.0100652042314,1
2023-01-13 23:00:00,48885.23057539172,49430.45678266792,49356.41238448573,49422.370172994684,574.6596599104087,1
2023-01-14 00:00:00,49422.370172994684,49974.72700143637,49749.1378383905,49830.31049645996,171.46592617872656,1
2023-01-14 01:00:00,49830.31049645996,50437.97690054819,50085.87142691931,50235.68487399771,872.3593478414476,1
2023-01-14 02:00:00,50235.68487399771,50934.36725344691,50556.228511534624,50891.50109365658,739.2185187609804,1
2023-01-14 03:00:00,50891.50109365658,50979.475447271194,50404.551000597545,50902.19026395082,839.4732079394245,1
2023-01-14 04:00:00,50902.19026395082,51793.03735865435,51093.566947551946,51249.319262910045,544.7912025252699,0
2023-01-14 05:00:00,51249.319262910045,51217.61710696247,50836.72583800065,51090.30966225679,256.3854338221694,1
2023-01-14 06:00:00,51090.30966225679,51471.36105020441,51115.81057556445,51255.927255563976,190.57373067118,0
2023-01-14 07:00:00,51255.927255563976,51333.90366366385,51084.10194423738,51189.22122628911,413.14727042395,1
2023-01-14 08:00:00,51189.22122628911,51652.72285201034,51156.29601792849,51238.872705389804,686.0328263935068,1
2023-01-14 09:00:00,51238.872705389804,51935.15778511658,51223.25977001875,51543.82445605061,857.3027977762839,0
2023-01-14 10:00:00,51543.82445605061,51225.279837792936,51115.89757452484,51122.08222342165,670.7279244661631,1
2023-01-14 11:00:00,51122.08222342165,52288.9442546227,51985.57942984483,52191.75416692998,392.5936138885291,0
2023-01-14 12:00:00,52191.75416692998,51786.72225169257,51614.72977431525,51666.69604830107,257.3932934583635,0
2023-01-14 13:00:00,51666.69604830107,51141.971064733305,50905.574227325196,51039.36490827895,853.3370127186461,1
2023-01-14 14:00:00,51039.36490827895,51855.3847327945,51282.98961071916,51630.4573430471,724.7355161588479,1
2023-01-14 15:00:00,51630.4573430471,52542.96583798383,52006.45153670472,52039.19641255445,291.3799387339865,1
2023-01-14 16:00:00,52039.19641255445,52498.534660414756,52316.96526280265,52363.98334999989,884.0840340367469,1
2023-01-14 17:00:00,52363.98334999989,52883.65618771415,52517.15749935068,52693.01008785151,698.4864131283957,0
2023-01-14 18:00:00,52693.01008785151,52794.51656452351,52623.00171886826,52686.556894599846,703.6590807152506,0
2023-01-14 19:00:00,52686.556894599846,52466.09878609545,52174.62855555132,52213.82445967768,502.3499894257829,1
2023-01-14 20:00:00,52213.82445967768,52542.64859107456,52221.953290102174,52253.40491862539,591.9833981690097,0
2023-01-14 21:00:00,52253.40491862539,51965.201420551784,51883.100751998776,51899.56486755508,199.6485339936841,1
2023-01-14 22:00:00,51899.56486755508,52545.91886789848,52381.92548961883,52405.64776613655,765.9137086902373,0
2023-01-14 23:00:00,52405.64776613655,52386.62972458307,52218.25064267422,52328.58139277244,872.5075091192087,0
2023-01-15 00:00:00,52328.58139277244,52029.7526788154,51829.262456191595,51896.61042025381,778.5657132371056,0
2023-01-15 01:00:00,51896.61042025381,51959.67389263719,51593.577238057966,51729.82206206531,353.3690785734369,1
2023-01-15 02:00:00,51729.82206206531,52038.82158427963,51466.0229358225,51943.43076860039,186.88102317589673,0
2023-01-15 03:00:00,51943.43076860039,52137.471586379375,51574.10092059754,51650.612895789054,638.5217358679829,0
2023-01-15 04:00:00,51650.612895789054,51495.8103367369,50952.43502809461,51225.93102212481,768.873878858443,1
2023-01-15 05:00:00,51225.93102212481,51460.733050120034,51119.905544504865,51350.76206499339,633.8994130966458,1
2023-01-15 06:00:00,51350.76206499339,51503.43769539266,51433.102463086805,51476.55426606221,815.1204508301712,0
2023-01-15 07:00:00,51476.55426606221,51236.88322096875,51095.98248719204,51215.59738729419,995.893764572179,0
2023-01-15 08:00:00,51215.59738729419,50992.20662336012,50678.22233548449,50974.35230514878,157.2768183579781,1
2023-01-15 09:00:00,50974.35230514878,51181.41947670445,50795.404594787164,51092.63825774134,203.43969735361014,0
2023-01-15 10:00:00,51092.63825774134,50598.29329160867,50226.616356607236,50352.77376347312,891.0810102540406,0
2023-01-15 11:00:00,50352.77376347312,49806.23491320018,48976.975902256214,49644.076713358445,487.3846692888912,0
2023-01-15 12:00:00,49644.076713358445,49448.60020044607,48836.275926603405,49287.411713017194,796.4916901571407,0
2023-01-15 13:00:00,49287.411713017194,49400.03791240004,49125.647254057745,49182.20913656327,499.042012941269,1
2023-01-15 14:00:00,49182.20913656327,49732.83005514018,49010.76303163775,49335.120345697076,632.527446075693,1
2023-01-15 15:00:00,49335.120345697076,50316.913316864404,49867.024988458725,50062.989110856855,561.1273997912116,1
2023-01-15 16:00:00,50062.989110856855,50554.48053225438,50279.47160489558,50492.35915462869,538.9003617591379,0
2023-01-15 17:00:00,50492.35915462869,50518.53406181565,50375.47263201171,50411.602417652924,640.5859598935203,0
2023-01-15 18:00:00,50411.602417652924,50413.0042985379,49974.84609386662,50402.01604253011,670.6936282386981,0
2023-01-15 19:00:00,50402.01604253011,49923.049049160196,49850.72706947877,49896.72103133429,425.66778388462484,0
2023-01-15 20:00:00,49896.72103133429,50040.0816859112,49878.24522049032,49887.48358351401,226.02168779798592,0
2023-01-15 21:00:00,49887.48358351401,49798.24528649045,49229.16761107084,49743.47905241033,276.4879414645536,1
2023-01-15 22:00:00,49743.47905241033,50279.468398535224,49714.36128793848,49904.01049187035,286.2933205945841,0
2023-01-15 23:00:00,49904.01049187035,49541.90146853054,49489.489484488986,49491.189075008,106.89762938430279,1
2023-01-16 00:00:00,49491.189075008,49825.13284603407,49561.12762922741,49748.21984032556,822.3271116218316,1
2023-01-16 01:00:00,49748.21984032556,50631.992823975204,49821.039674684274,50510.730164344306,364.1399408873095,0
2023-01-16 02:00:00,50510.730164344306,50496.1927564555,50286.42963414571,50455.794619230925,178.38349011619434,1
2023-01-16 03:00:00,50455.794619230925,50882.95434492869,50590.43156118023,50658.48146069455,410.70082852152285,1
2023-01-16 04:00:00,50658.48146069455,51282.523314265425,51002.66259347543,51008.097926787625,544.1919223061068,0
2023-01-16 05:00:00,51008.097926787625,50904.824276747,50637.595975789714,50803.44299558578,455.11846803788177,1
2023-01-16 06:00:00,50803.44299558578,51376.34461809359,50513.990148233395,50917.289691839724,916.8499023008994,1
2023-01-16 07:00:00,50917.289691839724,51120.27237851802,50533.79803543862,50923.70140102495,378.43544607650387,1
2023-01-16 08:00:00,50923.70140102495,51096.55810753344,50936.02896060849,50973.44168579012,331.8464983003497,0
2023-01-16 09:00:00,50973.44168579012,50616.048600867995,50423.93774424238,50579.4119943911,717.9309221433462,1
2023-01-16 10:00:00,50579.4119943911,50659.73635278701,50366.373961728,50591.80909641008,510.61285805998784,1
2023-01-16 11:00:00,50591.80909641008,51069.53931325036,50765.74049085346,50843.75544122037,477.0530111687279,1
2023-01-16 12:00:00,50843.75544122037,51615.42355133372,51561.75064384814,51581.571348268575,172.1620126737131,1
2023-01-16 13:00:00,51581.571348268575,52209.6740770109,52032.55389752311,52076.378313848836,701.7153820506227,1
2023-01-16 14:00:00,52076.378313848836,53487.711249947344,52822.38612584225,53197.677756209974,634.2947120876846,0
2023-01-16 15:00:00,53197.677756209974,52844.030933446804,52589.146852746846,52789.46667243465,886.3287341197106,1
2023-01-16 16:00:00,52789.46667243465,53413.02141300156,53153.70984279541,53249.960084233084,912.2079765572576,1
2023-01-16 17:00:00,53249.960084233084,53363.15405626173,53148.92741799296,53347.58962910639,227.9234114141119,1
2023-01-16 18:00:00,53347.58962910639,54524.854508679,54459.06843018885,54515.796711605486,365.53663688874065,0
2023-01-16 19:00:00,54515.796711605486,54799.24237982332,53943.838169156275,54075.14646153788,139.36516507805263,0
2023-01-16 20:00:00,54075.14646153788,53663.92399595483,53345.54046453986,53621.0656455091,408.8506178553924,0
2023-01-16 21:00:00,53621.0656455091,53527.643580704374,52956.595128418514,53299.66492162121,861.0439266909161,0
2023-01-16 22:00:00,53299.66492162121,52336.19637140877,51704.56675851424,52167.63561727944,705.6699601549891,0
2023-01-16 23:00:00,52167.63561727944,52138.259583345985,51609.352777540036,51893.36165332947,810.086643928714,0
2023-01-17 00:00:00,51893.36165332947,51857.97798774622,51435.035940721216,51499.42219584087,840.1801363014506,1
2023-01-17 01:00:00,51499.42219584087,52046.045207068564,51398.11207822058,51576.87412689456,623.9788719347025,1
2023-01-17 02:00:00,51576.87412689456,52090.65970000058,51322.94526353555,51753.14117634229,735.0272763794421,1
2023-01-17 03:00:00,51753.14117634229,52984.25564161572,52333.42687146145,52724.118519471056,250.17418152887754,1
2023-01-17 04:00:00,52724.118519471056,53519.47798766814,53168.02501356166,53225.221110353574,901.0873316654275,0
2023-01-17 05:00:00,53225.221110353574,53173.33537109509,52804.347369537085,52918.16286403355,122.90298391517578,0
2023-01-17 06:00:00,52918.16286403355,52786.319218543955,52076.770920686184,52442.73832505505,406.5437499231625,1
2023-01-17 07:00:00,52442.73832505505,52740.39940653106,52512.637518964744,52700.71420893898,380.0957455570542,0
2023-01-17 08:00:00,52700.71420893898,52255.827145123956,51584.85042541387,52004.94187961552,428.134355377786,1
2023-01-17 09:00:00,52004.94187961552,53458.20577524624,52835.03394877484,52957.3909463472,226.49767082052472,1
2023-01-17 10:00:00,52957.3909463472,53708.93794177518,53578.11975476715,53581.99166205564,554.909606119405,0
2023-01-17 11:00:00,53581.99166205564,53357.83085716554,53221.46803052244,53330.5980032645,135.09641131742043,0
2023-01-17 12:00:00,53330.5980032645,52440.13170858476,52319.9988232733,52416.97311429993,244.02244281687464,1
2023-01-17 13:00:00,52416.97311429993,53605.776191979014,53032.335638571334,53126.63203266815,910.0748647148326,0
2023-01-17 14:00:00,53126.63203266815,53250.70301908266,52977.20891108145,53065.78087055001,642.6485888315154,1
2023-01-17 15:00:00,53065.78087055001,54136.21249568963,53323.40414976996,53722.637762241764,406.3483938290551,0
2023-01-17 16:00:00,53722.637762241764,53181.65977656757,52828.28496905326,52866.06916672668,598.34033682221,0
2023-01-17 17:00:00,52866.06916672668,52962.45393295796,52483.397780255225,52549.203152523856,850.284965743827,1
2023-01-17 18:00:00,52549.203152523856,53025.204233023374,52409.3658194535,52551.95867494148,333.401407585385,1
2023-01-17 19:00:00,52551.95867494148,52908.26323029825,52349.24358305704,52576.647897161965,969.7756472797666,0
2023-01-17 20:00:00,52576.647897161965,52858.001502959254,52144.290375487646,52340.018558915624,622.4208408943264,1
2023-01-17 21:00:00,52340.018558915624,52711.27502507634,52374.20526154373,52666.018329100494,663.6108892789574,0
2023-01-17 22:00:00,52666.018329100494,52762.93243938582,52029.23570262176,52103.745158076636,994.4635500097284,0
2023-01-17 23:00:00,52103.745158076636,52105.48730949861,51795.56628010958,52029.56011404376,612.4396250640544,1
2023-01-18 00:00:00,52029.56011404376,52412.398807917154,51962.77875133625,52092.14940205987,455.62396893788673,1
2023-01-18 01:00:00,52092.14940205987,52368.0234376827,52211.50590008463,52360.131648079965,588.7221255618969,1
2023-01-18 02:00:00,52360.131648079965,52799.63606562021,52609.42043665715,52732.73413507463,580.0479658888263,0
2023-01-18 03:00:00,52732.73413507463,52233.9906633355,52066.65241344961,52139.67961081462,814.7895962944649,0
2023-01-18 04:00:00,52139.67961081462,51499.35427179438,51244.91879848677,51339.79739732896,949.6378844428581,1
2023-01-18 05:00:00,51339.79739732896,52028.15207051342,51690.90516438013,51995.75408908429,982.8886403464167,1
2023-01-18 06:00:00,51995.75408908429,52462.26527168976,52155.13758709374,52168.543265556764,629.8583699181879,0
2023-01-18 07:00:00,52168.543265556764,52152.956554771954,51559.89082410459,51778.06874289639,282.9007819774786,1
2023-01-18 08:00:00,51778.06874289639,52737.8282825499,52219.87708404335,52581.22527908923,560.1479159806761,1
2023-01-18 09:00:00,52581.22527908923,53356.913373954936,52571.055739148615,52642.048419137514,879.019431062097,1
2023-01-18 10:00:00,52642.048419137514,53277.47366964789,53186.807487910344,53262.85461377792,844.7670298956727,1
2023-01-18 11:00:00,53262.85461377792,53409.33158909405,52901.229124185076,53298.81688436882,960.4424292507398,1
2023-01-18 12:00:00,53298.81688436882,54450.84440641707,54356.02695379552,54397.17114730009,868.56577025988,1
2023-01-18 13:00:00,54397.17114730009,55674.67554031526,55295.441921895705,55352.026909582375,903.7811846758734,0
2023-01-18 14:00:00,55352.026909582375,55378.08406496819,54402.46387927668,55214.22020712103,663.9332599838892,1
2023-01-18 15:00:00,55214.22020712103,56296.20353368737,55683.37046120034,55750.665531449384,750.4362619284057,1
2023-01-18 16:00:00,55750.665531449384,56327.299552585435,55996.26744906897,56110.46691852302,369.4560295345131,1
2023-01-18 17:00:00,56110.46691852302,57204.15206940655,56727.24190219413,56878.41247584868,350.8838851730977,0
2023-01-18 18:00:00,56878.41247584868,56598.02499413765,56185.06990049186,56329.57932986369,365.15745671157384,1
2023-01-18 19:00:00,56329.57932986369,56862.08510783163,56513.082761620775,56716.02923126721,228.56525857075474,1
2023-01-18 20:00:00,56716.02923126721,57545.70823731659,57100.15953543872,57316.32557261971,692.6864641030494,0
2023-01-18 21:00:00,57316.32557261971,56472.842578489785,56181.68396751289,56308.28072260722,652.2437028137126,0
2023-01-18 22:00:00,56308.28072260722,55649.38667824396,55396.66181475679,55642.008197621224,169.88440120444454,0
2023-01-18 23:00:00,55642.008197621224,54954.371306465175,54062.406394948215,54507.33846210342,159.40885972621743,0
2023-01-19 00:00:00,54507.33846210342,54575.873650762784,54276.787265722225,54360.491967012684,827.4116890083,1
2023-01-19 01:00:00,54360.491967012684,54758.816278579514,54583.9435018538,54750.551467334575,369.6091101584865,1
2023-01-19 02:00:00,54750.551467334575,55573.435198381245,55346.05949637564,55573.10023836554,815.0639900416738,1
2023-01-19 03:00:00,55573.10023836554,55664.11030984965,55591.332584376694,55614.27700495962,165.61165183111316,1
2023-01-19 04:00:00,55614.27700495962,56974.31634236384,56304.47366801727,56520.01976581948,309.1458907504431,0
2023-01-19 05:00:00,56520.01976581948,55983.26866574639,55564.431597982606,55739.98614884806,936.3052482686685,0
2023-01-19 06:00:00,55739.98614884806,55017.757806873036,54737.421837443,54790.52101308959,389.34613112309376,0
2023-01-19 07:00:00,54790.52101308959,55181.95593808628,54723.80301552021,54760.08613945335,676.4284379582596,1
2023-01-19 08:00:00,54760.08613945335,54986.87331363114,54894.16310298784,54970.400710124384,422.03267570219396,0
2023-01-19 09:00:00,54970.400710124384,55187.260044626164,54860.37275810684,54952.42827608589,899.7931722388588,0
2023-01-19 10:00:00,54952.42827608589,54628.81378047049,53766.84811050146,53816.31863891188,627.2783096081673,0
2023-01-19 11:00:00,53816.31863891188,53942.81268229838,53717.52155041634,53768.35751447655,714.3554991010622,0
2023-01-19 12:00:00,53768.35751447655,53281.123425493766,52808.649975892135,53066.96568977779,840.281314945777,1
2023-01-19 13:00:00,53066.96568977779,53485.5343458645,53056.47534725995,53422.34059149928,568.152903079676,1
2023-01-19 14:00:00,53422.34059149928,53723.38911663138,53481.73742349369,53618.1859551316,344.2684424020429,0
2023-01-19 15:00:00,53618.1859551316,53601.122071693746,53106.781197733064,53114.239463543905,220.4455266997238,0
2023-01-19 16:00:00,53114.239463543905,52979.77052760736,52801.049808794036,52841.30295854576,773.78071071358,0
2023-01-19 17:00:00,52841.30295854576,52445.29181870283,52277.580543647695,52281.60073246654,348.5526020388095,0
2023-01-19 18:00:00,52281.60073246654,52334.49167539102,52208.28843794352,52248.831097087466,855.404643120402,1
2023-01-19 19:00:00,52248.831097087466,52974.28887477142,52451.019941380066,52747.881794862966,191.70314925941216,0
2023-01-19 20:00:00,52747.881794862966,52579.392461726144,52013.991465422405,52227.93218512071,858.4407119444994,1
2023-01-19 21:00:00,52227.93218512071,52760.838128171534,52316.98791109099,52491.18525742684,902.6849303296613,0
2023-01-19 22:00:00,52491.18525742684,52434.98577311231,52176.98388794893,52212.84674862534,439.58624856687356,0
2023-01-19 23:00:00,52212.84674862534,51815.84173006741,51285.61833735494,51798.865271804716,448.8839249100823,0
2023-01-20 00:00:00,51798.865271804716,52111.51406551446,51503.79697496541,51743.42475985192,103.92694268527818,0
2023-01-20 01:00:00,51743.42475985192,51341.469559878075,50998.723851457544,51207.75492766871,699.7468722203859,0
2023-01-20 02:00:00,51207.75492766871,50946.817652000376,50874.00278252872,50924.24354822779,368.24698777549884,0
2023-01-20 03:00:00,50924.24354822779,50365.37845145469,50242.61524943881,50314.23329279546,679.7342993283244,1
2023-01-20 04:00:00,50314.23329279546,51338.539580553,51187.2898988984,51302.7696797332,961.1198339358575,1
2023-01-20 05:00:00,51302.7696797332,52047.69757243723,51316.526628091735,51320.86085858215,511.92964464336455,0
2023-01-20 06:00:00,51320.86085858215,51102.037326383106,50650.70746206047,50961.75570423326,432.83193038845894,1
2023-01-20 07:00:00,50961.75570423326,51386.19694369754,50989.06685009628,51070.80362359777,865.3132010079058,0
2023-01-20 08:00:00,51070.80362359777,51172.141409977994,50722.9578296078,51013.436785925944,525.0536237466836,0
2023-01-20 09:00:00,51013.436785925944,50970.19710082469,50807.786880662345,50900.71259895195,710.0318802790398,1
2023-01-20 10:00:00,50900.71259895195,51611.19361105062,51003.8935699106,51213.32782581951,222.94081328605535,1
2023-01-20 11:00:00,51213.32782581951,51930.12554757124,51392.2715032625,51601.272732671896,384.064609387015,0
2023-01-20 12:00:00,51601.272732671896,51632.77524618107,50905.955683649285,51327.52738864343,741.8861949543559,0
2023-01-20 13:00:00,51327.52738864343,51081.03957489104,50994.153593198884,51031.97412346773,358.66863681902174,0
2023-01-20 14:00:00,51031.97412346773,51030.06399999685,50850.18584727073,50891.60981255114,200.36099108914874,0
2023-01-20 15:00:00,50891.60981255114,50153.64680755708,49690.5370250251,49720.12507520137,851.932203167975,0
2023-01-20 16:00:00,49720.12507520137,49022.7391815406,48723.31979740294,48966.77018394798,543.578126002702,1
2023-01-20 17:00:00,48966.77018394798,49829.411878720006,49037.997303325115,49636.08436519106,635.6185074151134,1
2023-01-20 18:00:00,49636.08436519106,50457.44060667721,50386.26432175196,50452.58192724472,967.1493167988294,0
2023-01-20 19:00:00,50452.58192724472,50834.7124483344,50272.50398520521,50326.93681535917,380.67747212519487,1
2023-01-20 20:00:00,50326.93681535917,50798.15291274948,50435.33787939373,50617.1002738608,569.166442888725,1
2023-01-20 21:00:00,50617.1002738608,50834.99050584,50725.84281611041,50774.64607668865,339.02454966274547,1
2023-01-20 22:00:00,50774.64607668865,52364.59165208158,51932.57431549616,52337.93691030489,413.28603385145925,1
2023-01-20 23:00:00,52337.93691030489,53185.52045902008,52566.28042311967,52923.89932111512,976.7749994347214,0
2023-01-21 00:00:00,52923.89932111512,52902.01125248528,52791.72814827005,52856.200343785844,802.3385112138824,0
2023-01-21 01:00:00,52856.200343785844,52946.23855585933,52106.059097242476,52351.13797413619,372.62415594987334,0
2023-01-21 02:00:00,52351.13797413619,51536.73838289679,51086.940574547145,51510.14504453771,772.6999659370246,1
2023-01-21 03:00:00,51510.14504453771,51794.32267543616,51604.324656135446,51614.94945848581,962.0108208893835,0
2023-01-21 04:00:00,51614.94945848581,51229.90890938068,51165.471642331206,51224.55940357844,966.4915152278854,0
2023-01-21 05:00:00,51224.55940357844,50547.9583260396,50331.89994605519,50496.01620723598,302.8431412060893,0
2023-01-21 06:00:00,50496.01620723598,50263.63977533812,50089.82458508848,50169.52265881728,660.172277409397,0
2023-01-21 07:00:00,50169.52265881728,49724.49888007416,49276.30233358451,49626.91518807797,232.26643862938872,1
2023-01-21 08:00:00,49626.91518807797,50589.90332513694,50176.508039118184,50464.191536418184,449.349135514296,1
2023-01-21 09:00:00,50464.191536418184,51206.926662792604,50693.10624808174,50909.103912026374,410.67298764478943,0
2023-01-21 10:00:00,50909.103912026374,50964.60906919842,50786.34514132675,50905.045111773965,522.989441342143,1
2023-01-21 11:00:00,50905.045111773965,51743.66451121503,51498.289295897746,51658.41134330499,155.98290354823249,1
2023-01-21 12:00:00,51658.41134330499,51914.2562514113,51158.24976244017,51698.37858191895,220.847365812048,0
2023-01-21 13:00:00,51698.37858191895,51262.811319061606,51103.30279288217,51253.10861485001,317.7039647016003,1
2023-01-21 14:00:00,51253.10861485001,52560.2362244187,52031.987945212815,52033.757052511966,168.61529617620803,1
2023-01-21 15:00:00,52033.757052511966,52534.2914883382,52152.61645568433,52314.17219537442,513.6983833623951,0
2023-01-21 16:00:00,52314.17219537442,52344.103003535354,51374.60429325721,51771.54545611018,139.50994837870462,0
2023-01-21 17:00:00,51771.54545611018,51724.870742703424,51354.66170206585,51673.004180865566,288.266918867135,0
2023-01-21 18:00:00,51673.004180865566,51330.47659189868,51069.81582527003,51220.54592418564,964.5642779618797,0
2023-01-21 19:00:00,51220.54592418564,50524.38156009761,50428.45742158657,50512.26835294753,333.5876048584813,1
2023-01-21 20:00:00,50512.26835294753,51496.09919292339,50632.62789463768,50980.10164118146,165.7734058243135,1
2023-01-21 21:00:00,50980.10164118146,51995.79991471044,51942.775247200356,51953.524185246766,271.0968848053549,0
2023-01-21 22:00:00,51953.524185246766,51336.00348970013,51222.01463431801,51226.91904253562,781.579186420995,1
2023-01-21 23:00:00,51226.91904253562,51537.17646458498,51195.059744430844,51515.31083764948,746.4980578348036,0
2023-01-22 00:00:00,51515.31083764948,51364.316822026936,50849.18090326539,51180.1302957243,699.9404311419573,0
2023-01-22 01:00:00,51180.1302957243,50989.93835276226,50624.43624634249,50930.81888960998,794.4642198807469,0
2023-01-22 02:00:00,50930.81888960998,50708.357056838155,50628.928435386755,50629.107812942835,108.13462217136296,0
2023-01-22 03:00:00,50629.107812942835,50346.8918397519,50139.608770656756,50191.67699466777,305.8091016432479,1
2023-01-22 04:00:00,50191.67699466777,50529.983379930316,50064.249012161104,50216.03081343839,389.50299069359374,0
2023-01-22 05:00:00,50216.03081343839,49915.681119879526,49620.95330063862,49798.760646937124,185.85934958188955,1
2023-01-22 06:00:00,49798.760646937124,50042.47939841127,49916.93364795294,49933.44479426053,532.801131942708,0
2023-01-22 07:00:00,49933.44479426053,50107.03704308784,49823.76608258967,49908.35917561306,359.9964450182491,0
2023-01-22 08:00:00,49908.35917561306,49974.3673839341,49743.98917998721,49789.104126139864,993.9295138806676,0
2023-01-22 09:00:00,49789.104126139864,49668.81077569116,48941.73410685059,49337.236309434964,778.8384760123204,0
2023-01-22 10:00:00,49337.236309434964,49510.46714705253,48805.56707586855,49052.673275107394,808.7941772729014,1
2023-01-22 11:00:00,49052.673275107394,49523.65997947256,49032.864497723174,49423.21286506053,422.72061537238585,1
2023-01-22 12:00:00,49423.21286506053,49971.58151870781,49489.29410586866,49670.7822329778,272.43365116134316,0
2023-01-22 13:00:00,49670.7822329778,49560.57279199523,49177.211710947806,49185.222896126856,135.0369669931007,1
2023-01-22 14:00:00,49185.222896126856,49334.280003341584,49065.128423872105,49234.07971196008,955.4132535177662,1
2023-01-22 15:00:00,49234.07971196008,49986.030605448934,49112.09861230195,49604.018247226355,622.0799512025092,0
2023-01-22 16:00:00,49604.018247226355,49170.33135256176,48750.475859450606,48775.92614695875,354.24645937556704,1
2023-01-22 17:00:00,48775.92614695875,49232.03679176852,48969.704710166036,49040.955113105956,951.8108618353649,0
2023-01-22 18:00:00,49040.955113105956,48762.06403589467,48491.50256743832,48715.998092912545,802.3289527061935,1
2023-01-22 19:00:00,48715.998092912545,49082.37844798241,48143.57525337679,48993.970929422576,284.21209815155555,0
2023-01-22 20:00:00,48993.970929422576,48924.47693147661,48531.621013193115,48620.01996014998,398.4082291604744,0
2023-01-22 21:00:00,48620.01996014998,47829.90994310119,47636.52619433744,47742.48592254971,164.04245665608954,0
2023-01-22 22:00:00,47742.48592254971,47576.99716890707,46918.738250387,46965.45670325982,829.7907229071266,1
2023-01-22 23:00:00,46965.45670325982,47100.474701660794,46763.03129148147,46988.04001806486,724.2562517264157,1
2023-01-23 00:00:00,46988.04001806486,47270.30370183915,46829.182918300794,47110.07853110967,236.43556732008943,0
2023-01-23 01:00:00,47110.07853110967,46709.60691694857,46438.3726678182,46684.0542588531,354.2251837330033,1
2023-01-23 02:00:00,46684.0542588531,47100.612434335315,46963.02454628668,46982.175108801675,215.0801211001758,0
2023-01-23 03:00:00,46982.175108801675,46361.00691752044,45610.553832247984,46201.5568436786,149.17097800087507,0
2023-01-23 04:00:00,46201.5568436786,46422.02325565576,45920.35864151181,46171.026947944374,307.3749959056149,0
2023-01-23 05:00:00,46171.026947944374,45889.52186861733,45424.752921298365,45611.88833200808,863.5828411814723,0
2023-01-23 06:00:00,45611.88833200808,45705.59455434461,45161.05580796123,45314.573574409646,392.765620620728,1
2023-01-23 07:00:00,45314.573574409646,45531.812395796056,45204.658402034096,45336.05208019662,263.45257098094237,0
2023-01-23 08:00:00,45336.05208019662,45122.02587857983,44889.446326854944,44945.974628806514,826.0241677252653,0
2023-01-23 09:00:00,44945.974628806514,45099.916233948876,44388.06049526091,44773.13239146331,694.9128288225883,1
2023-01-23 10:00:00,44773.13239146331,45242.97320557971,45040.91744656394,45223.68120317867,738.3887456253486,0
2023-01-23 11:00:00,45223.68120317867,45070.768648176665,44834.78406605072,44962.78946321846,625.3955024627005,1
2023-01-23 12:00:00,44962.78946321846,45485.99223565059,44997.80261659413,45338.53994812703,366.9039209853376,0
2023-01-23 13:00:00,45338.53994812703,45043.84331035043,44646.28775087662,44826.34735453135,192.264367659827,1
2023-01-23 14:00:00,44826.34735453135,45513.50141005982,44363.11486671495,45063.83921562248,432.35269319398697,1
2023-01-23 15:00:00,45063.83921562248,45960.76198547978,45485.91918571307,45713.46538101862,515.5445294318072,0
2023-01-23 16:00:00,45713.46538101862,44634.877931287665,44472.63515650549,44583.591028111085,756.0829554902348,0
2023-01-23 17:00:00,44583.591028111085,44321.76833980731,44078.68258418687,44228.30650648971,826.3638134800327,1
2023-01-23 18:00:00,44228.30650648971,44607.71191577735,44238.841984976956,44483.53573566264,402.04940884285844,0
2023-01-23 19:00:00,44483.53573566264,44628.10002809397,44185.10743323433,44393.21396880259,605.8655149623139,1
2023-01-23 20:00:00,44393.21396880259,44559.224286911485,44408.988672119805,44557.9775505047,442.46593888290505,0
2023-01-23 21:00:00,44557.9775505047,44389.43022642829,44170.440353038226,44288.85396659949,760.9995388680323,1
2023-01-23 22:00:00,44288.85396659949,44392.357254814204,44311.334618052926,44327.20359112335,855.0975949462096,0
2023-01-23 23:00:00,44327.20359112335,44271.53763610247,44157.55415674261,44258.196226046064,311.4760644963575,1
2023-01-24 00:00:00,44258.196226046064,44974.37019117466,44646.261377301416,44775.03550238803,591.7872844700626,1
2023-01-24 01:00:00,44775.03550238803,45297.26764084197,44879.98901010861,44888.952525301625,876.376424034261,1
2023-01-24 02:00:00,44888.952525301625,45151.302695726765,44922.03446544195,45040.498824004724,597.4363681466907,0
2023-01-24 03:00:00,45040.498824004724,45078.45306715715,44792.218865176605,44854.98738392199,878.7661830180211,0
2023-01-24 04:00:00,44854.98738392199,44743.139267500555,44443.716206644785,44636.271673631054,361.0409787661932,0
2023-01-24 05:00:00,44636.271673631054,44526.87458549224,44263.230480633385,44443.193825769355,817.0132574722351,1
2023-01-24 06:00:00,44443.193825769355,44771.00014845986,44313.766474926466,44618.50095595644,614.5713848293739,0
2023-01-24 07:00:00,44618.50095595644,44446.158485383785,44288.53817759492,44430.66399135722,358.8694561393104,1
2023-01-24 08:00:00,44430.66399135722,44788.75383457869,44258.04191553979,44559.4128843563,659.1632041446491,1
2023-01-24 09:00:00,44559.4128843563,45761.14086929407,45286.697570976656,45484.19929522995,464.07464701648274,1
2023-01-24 10:00:00,45484.19929522995,46003.33738134178,45488.75186157318,45880.4233914488,716.8994948997114,0
2023-01-24 11:00:00,45880.4233914488,45829.67541707662,45693.498424029865,45730.84241453444,436.5289423115322,1
2023-01-24 12:00:00,45730.84241453444,46317.19601194657,46164.05471454619,46280.16766034068,704.3312338004862,0
2023-01-24 13:00:00,46280.16766034068,46364.50725587358,45971.249168225855,46091.30969352574,476.50047769205213,0
2023-01-24 14:00:00,46091.30969352574,45245.2551136916,45093.150590212594,45151.91140207719,350.06749848074105,0
2023-01-24 15:00:00,45151.91140207719,44810.06430180374,44323.86942831212,44696.741164115294,982.3318668479666,0
2023-01-24 16:00:00,44696.741164115294,43867.750614075754,43694.21799781701,43860.558141455185,261.4282138109894,0
2023-01-24 17:00:00,43860.558141455185,44037.15182455063,43572.34345441277,43706.38236541219,734.0989852247008,1
2023-01-24 18:00:00,43706.38236541219,44117.95764490132,43511.26717445868,43714.43237264628,457.8511406975835,1
2023-01-24 19:00:00,43714.43237264628,44631.40370500673,44299.98259977163,44447.27742779067,534.735727803001,1
2023-01-24 20:00:00,44447.27742779067,44798.12831762005,44368.74245856313,44592.58774459502,691.0804571271013,0
2023-01-24 21:00:00,44592.58774459502,44514.36906300654,44406.79958696995,44494.88514903705,169.28152035846966,1
2023-01-24 22:00:00,44494.88514903705,44986.559290147605,44802.990632966874,44863.92820980435,639.1401284353434,0
2023-01-24 23:00:00,44863.92820980435,44200.65457106114,43598.21857437114,43871.926052149414,340.6618250717872,1
2023-01-25 00:00:00,43871.926052149414,44153.70170984979,43722.818614288546,43975.294696850906,735.9668828908386,1
2023-01-25 01:00:00,43975.294696850906,44663.2553824746,44109.09597717649,44314.284937578144,343.98662838765915,0
2023-01-25 02:00:00,44314.284937578144,43881.21073085772,43599.793865229,43659.06001557542,952.060356031056,1
2023-01-25 03:00:00,43659.06001557542,44205.86278005921,44097.298483471524,44158.4122797297,628.8272839984617,1
2023-01-25 04:00:00,44158.4122797297,44539.9090914689,44048.77661327331,44307.88691890316,467.3365217800283,0
2023-01-25 05:00:00,44307.88691890316,44133.540284960734,44067.43809943341,44123.881619624124,327.79138526164786,1
2023-01-25 06:00:00,44123.881619624124,44530.09513017085,44389.28217465294,44403.08954113531,459.13178587819124,1
2023-01-25 07:00:00,44403.08954113531,45498.851204685976,45315.88075660275,45411.34732399036,705.2144482225259,1
2023-01-25 08:00:00,45411.34732399036,45499.29264087338,45454.27493415021,45493.93524074011,183.36293474623048,1
2023-01-25 09:00:00,45493.93524074011,45679.04260620181,45563.61136766232,45606.860553525774,490.61887543788293,0
2023-01-25 10:00:00,45606.860553525774,45496.500186223595,45032.68866982059,45397.36046863504,751.1030360650009,0
2023-01-25 11:00:00,45397.36046863504,45015.11116739867,44992.02850124573,45011.553556806706,651.9625163986411,1
2023-01-25 12:00:00,45011.553556806706,45678.54926197846,45228.787627209655,45385.300607571866,742.6474510403141,0
2023-01-25 13:00:00,45385.300607571866,45077.574764916724,44868.9866857291,44996.76438973032,112.37099861021073,1
2023-01-25 14:00:00,44996.76438973032,45205.4276718648,44873.49513000136,45028.96688087453,343.72569523327536,0
2023-01-25 15:00:00,45028.96688087453,45195.924187062315,44746.48184566841,44813.88266736663,646.0585522456928,1
2023-01-25 16:00:00,44813.88266736663,45159.12685454166,44974.63195826147,45028.53212447697,956.3416391591085,1
2023-01-25 17:00:00,45028.53212447697,45270.91214019284,45076.551192407635,45178.77527274332,840.6854245375907,1
2023-01-25 18:00:00,45178.77527274332,45664.85896176313,45478.01504823783,45647.52311252454,280.2538160808633,0
2023-01-25 19:00:00,45647.52311252454,45736.48113766806,45259.9990681337,45414.71325897965,764.1256540186229,0
2023-01-25 20:00:00,45414.71325897965,45465.00467583825,45283.55890022669,45292.15033095831,434.00164458711504,0
2023-01-25 21:00:00,45292.15033095831,44883.34311791272,44676.97130805009,44848.84719742132,584.498748930142,0
2023-01-25 22:00:00,44848.84719742132,44825.05655000892,44341.27143773995,44649.58679210134,905.8114802378524,1
2023-01-25 23:00:00,44649.58679210134,45066.10991389666,44674.36622404437,44818.04990321043,508.9108807608896,1
2023-01-26 00:00:00,44818.04990321043,45459.55667430031,45000.86570808137,45157.31743918016,734.9147472551376,0
2023-01-26 01:00:00,45157.31743918016,45102.25699866792,44285.534985200815,44740.89231642722,684.3900921191935,1
2023-01-26 02:00:00,44740.89231642722,45253.96922737438,44935.995922354894,45129.961764718966,499.52750905574004,1
2023-01-26 03:00:00,45129.961764718966,45899.65811097873,45740.82450517932,45741.76061206569,541.9861564448486,1
2023-01-26 04:00:00,45741.76061206569,46044.12082446915,45599.33662462075,45930.873015785,689.6563430719042,1
2023-01-26 05:00:00,45930.873015785,46956.49864310834,46677.70740238633,46792.90171721661,244.41635284410378,0
2023-01-26 06:00:00,46792.90171721661,46614.31138700719,46351.8789899301,46430.823297781644,832.7131170320456,0
2023-01-26 07:00:00,46430.823297781644,46012.111573791575,45777.267262906586,45852.91987181959,360.26870166635484,0
2023-01-26 08:00:00,45852.91987181959,45281.686084417786,44851.453291092825,45037.324701345686,563.5050937387508,1
2023-01-26 09:00:00,45037.324701345686,46201.30952222347,45589.321046019504,45711.103035587075,418.4102428627924,1
2023-01-26 10:00:00,45711.103035587075,46121.07461445897,45884.321924189135,46010.22079499257,377.0162485126711,0
2023-01-26 11:00:00,46010.22079499257,46248.03201329535,45671.17512648304,45984.6461651785,555.070738079763,1
2023-01-26 12:00:00,45984.6461651785,46166.37294585876,45917.08256793991,46113.388747365185,598.0340707747946,0
2023-01-26 13:00:00,46113.388747365185,45913.70197199072,45591.12030021672,45594.38760767547,872.9350940513392,1
2023-01-26 14:00:00,45594.38760767547,46924.79774251455,46596.782663879916,46709.51324518436,872.887851414525,1
2023-01-26 15:00:00,46709.51324518436,46860.93313158487,46397.83973781181,46769.871830294665,649.4920795138821,1
2023-01-26 16:00:00,46769.871830294665,46931.91535725297,46604.1650160257,46821.03563552039,261.32793016535265,1
2023-01-26 17:00:00,46821.03563552039,47405.38022019914,46985.45219304423,47160.84708512671,205.79617013519797,1
2023-01-26 18:00:00,47160.84708512671,47618.90363928559,47170.077917546085,47387.6951133714,563.4400149219334,1
2023-01-26 19:00:00,47387.6951133714,47560.52203079321,47392.872337784785,47493.78859220434,418.8441944954941,0
2023-01-26 20:00:00,47493.78859220434,47169.489765523256,47045.68630647162,47118.36232545977,567.3021137021847,1
2023-01-26 21:00:00,47118.36232545977,47676.06569789069,47198.52226683037,47340.510494225004,151.9589433026055,1
2023-01-26 22:00:00,47340.510494225004,48563.693087711756,48095.27109488025,48231.47049848265,297.59853090682174,1
2023-01-26 23:00:00,48231.47049848265,48907.89398330431,48771.61874618953,48880.386371124565,601.1905988548863,1
2023-01-27 00:00:00,48880.386371124565,50052.93500358747,49192.36498847614,49659.14214983898,586.8145034542728,0
2023-01-27 01:00:00,49659.14214983898,49673.52937563444,49144.60993305449,49405.27683038776,254.5245169349046,0
2023-01-27 02:00:00,49405.27683038776,49561.01575351869,48915.53424193558,48916.35982941215,883.4742696424457,0
2023-01-27 03:00:00,48916.35982941215,48988.906358466964,48312.73594870704,48854.82944695787,203.85517796102562,1
2023-01-27 04:00:00,48854.82944695787,49108.23703941523,48819.635345447256,48882.05375781598,403.4859180091769,1
2023-01-27 05:00:00,48882.05375781598,49524.025671121504,49217.75017567505,49416.917044088405,285.62690245253737,0
2023-01-27 06:00:00,49416.917044088405,48789.07335274207,48523.56321661617,48580.55320202169,283.8847450590732,1
2023-01-27 07:00:00,48580.55320202169,49985.73449833178,49259.60167379917,49323.61720871894,116.31163694115676,0
2023-01-27 08:00:00,49323.61720871894,49890.995713376986,48971.88412494848,49245.681997664295,665.5838109531284,0
2023-01-27 09:00:00,49245.681997664295,49304.274512959586,48829.94484225485,49035.46150344976,108.98089899260444,0
2023-01-27 10:00:00,49035.46150344976,48607.28074491063,48112.36154613633,48539.17145214433,852.5059328865239,0
2023-01-27 11:00:00,48539.17145214433,47822.186571608414,47655.161291609926,47735.917734900155,536.5851939815861,1
2023-01-27 12:00:00,47735.917734900155,48392.72487054048,47978.30007675916,48128.86576767811,506.16470172632944,1
2023-01-27 13:00:00,48128.86576767811,48244.52147288383,48092.48197430844,48164.15287368981,894.3038890951125,0
2023-01-27 14:00:00,48164.15287368981,47733.03471777107,47527.75343600342,47542.85413392771,449.0434809252381,0
2023-01-27 15:00:00,47542.85413392771,46991.82629491536,46706.415839629,46927.13672240604,587.584867840807,0
2023-01-27 16:00:00,46927.13672240604,46911.438114486235,46720.15434813891,46769.562577477234,437.92203561985036,1
2023-01-27 17:00:00,46769.562577477234,47620.24064989857,47230.10170764685,47550.15664417902,997.4641185126553,0
2023-01-27 18:00:00,47550.15664417902,47871.714253904574,47279.76614212361,47426.72054997088,298.1001933142778,0
2023-01-27 19:00:00,47426.72054997088,47006.79465601071,46370.27024029436,46713.829142128976,161.84230995156489,0
2023-01-27 20:00:00,46713.829142128976,46739.93573038481,46085.14691802947,46599.033147043236,750.4639770149242,0
2023-01-27 21:00:00,46599.033147043236,46771.550511296795,46247.02087431542,46471.94660037672,107.5273136891714,0
2023-01-27 22:00:00,46471.94660037672,45365.95560713067,44961.427824086786,45218.65087979622,535.5904313617724,0
2023-01-27 23:00:00,45218.65087979622,45254.780232141624,44852.204017298114,45194.09947365988,159.81699319864492,0
2023-01-28 00:00:00,45194.09947365988,45192.823943833304,44761.517510150734,45089.73069235834,803.7639794421633,1
2023-01-28 01:00:00,45089.73069235834,45574.16867139831,45261.972672186916,45403.648267315766,566.2072597641624,1
2023-01-28 02:00:00,45403.648267315766,46337.88538464948,46044.044737665885,46243.14178928185,658.4264065467735,1
2023-01-28 03:00:00,46243.14178928185,46932.60118470607,46640.4492515824,46764.10085324408,275.4776799102603,0
2023-01-28 04:00:00,46764.10085324408,46707.51645627286,46530.346584517116,46638.35747481005,917.4056398302906,0
2023-01-28 05:00:00,46638.35747481005,46247.146755760274,45789.81555903608,46122.291965939716,688.7194633250863,1
2023-01-28 06:00:00,46122.291965939716,47354.278559514176,47086.52130809985,47309.18448772875,669.1521918955486,1
2023-01-28 07:00:00,47309.18448772875,47359.06966288029,47049.12488487949,47337.20024592741,744.7574007622891,1
2023-01-28 08:00:00,47337.20024592741,47544.44501317968,47189.43217273319,47343.793982733085,382.444127401974,0
2023-01-28 09:00:00,47343.793982733085,47511.78213559821,47169.694600496034,47332.37225119357,482.36575858127827,1
2023-01-28 10:00:00,47332.37225119357,47429.834053251,47212.17289272369,47426.1304675331,269.12834273379076,0
2023-01-28 11:00:00,47426.1304675331,47410.2959364488,47244.16453551771,47357.665910230586,444.51888799274906,0
2023-01-28 12:00:00,47357.665910230586,47206.248737015114,46843.36342249142,47085.99297355832,816.6173054872316,0
2023-01-28 13:00:00,47085.99297355832,47045.4567364954,46571.28157609991,46828.49901091059,337.6557862243469,0
2023-01-28 14:00:00,46828.49901091059,46853.38285961642,46683.663953514355,46813.16114609145,392.0606201578079,0
2023-01-28 15:00:00,46813.16114609145,46749.05272111083,46416.86320021668,46558.76683227283,725.176863004355,0
2023-01-28 16:00:00,46558.76683227283,46333.9375223977,45910.88208656094,46226.87462644248,338.17152423282164,1
2023-01-28 17:00:00,46226.87462644248,46517.75402693999,46151.78145103732,46276.07399436225,800.2227188301879,0
2023-01-28 18:00:00,46276.07399436225,46318.88879715499,46023.75440273531,46158.0805485598,179.54645228606682,1
2023-01-28 19:00:00,46158.0805485598,47074.708386112055,46516.19171222566,46852.29484367449,489.11160376301257,0
2023-01-28 20:00:00,46852.29484367449,45689.99279131297,45253.39938841302,45610.254652829404,135.08138859501736,1
2023-01-28 21:00:00,45610.254652829404,46392.890449954335,45839.59124468677,46108.093707544314,908.1272682618992,1
2023-01-28 22:00:00,46108.093707544314,46759.537297550625,46511.81155330371,46682.63983577695,910.8648061214211,0
2023-01-28 23:00:00,46682.63983577695,45821.961639265144,45567.38152118597,45714.726541191674,619.0321589719807,0
2023-01-29 00:00:00,45714.726541191674,45730.45699480187,45418.55337031519,45558.067844667254,872.2209439065062,0
2023-01-29 01:00:00,45558.067844667254,45410.93659257009,45274.51442226958,45388.84656293407,217.07260284605223,0
2023-01-29 02:00:00,45388.84656293407,44758.78824374124,44719.89958849971,44749.99323946325,805.3644259677128,0
2023-01-29 03:00:00,44749.99323946325,44804.21035891383,44259.71571684756,44401.92032435092,688.9078049434478,0
2023-01-29 04:00:00,44401.92032435092,44045.375066590976,43617.043963526,43908.80332230569,786.072362050864,1
2023-01-29 05:00:00,43908.80332230569,44917.54797018546,44226.943471455954,44678.20430498347,662.1526433030784,1
2023-01-29 06:00:00,44678.20430498347,45152.46302115872,44860.60076088226,45096.24860911148,622.8553418993614,1
2023-01-29 07:00:00,45096.24860911148,46073.56839413703,45557.29209074239,45669.67225595186,450.3074245226096,1
2023-01-29 08:00:00,45669.67225595186,46114.22441513378,45677.42229692642,45999.257522363165,935.3638883025563,0
2023-01-29 09:00:00,45999.257522363165,45526.85576550718,45352.44889485401,45479.90209056015,574.9097195995255,0
2023-01-29 10:00:00,45479.90209056015,45382.84492505868,45041.105446762915,45241.35078701097,633.8423971355214,1
2023-01-29 11:00:00,45241.35078701097,45477.785727188915,45314.29373281729,45462.750448918494,707.3076719506695,0
2023-01-29 12:00:00,45462.750448918494,45144.90007622852,44574.45122203514,44907.13753299511,947.5227879922274,1
2023-01-29 13:00:00,44907.13753299511,45227.636708261394,44938.59959415066,45227.32471864072,721.7955788957405,0
2023-01-29 14:00:00,45227.32471864072,45346.81111266581,44816.00417978417,45118.63197043437,347.7593921066741,0
2023-01-29 15:00:00,45118.63197043437,45040.338822704165,44719.83173163161,44949.51794972745,639.371904525494,1
2023-01-29 16:00:00,44949.51794972745,45396.49655273692,45069.949047967224,45269.091028250456,509.6547925602908,1
2023-01-29 17:00:00,45269.091028250456,45686.77921252674,45362.510370981654,45470.20499113219,252.75558571923085,0
2023-01-29 18:00:00,45470.20499113219,45658.137462458144,45112.62144619106,45306.072935585624,854.3394774897783,1
2023-01-29 19:00:00,45306.072935585624,46055.95305886893,45129.654389841024,45831.31974186181,461.69847990165704,0
2023-01-29 20:00:00,45831.31974186181,45390.55683180231,45074.94311847056,45335.854151577485,349.3112718933809,1
2023-01-29 21:00:00,45335.854151577485,45649.55840387901,45440.553037338104,45615.093820009366,633.5561624572991,1
2023-01-29 22:00:00,45615.093820009366,45992.50644276507,45851.031092496385,45885.637515279304,128.56938883568975,0
2023-01-29 23:00:00,45885.637515279304,45928.27516898622,45709.51998688827,45743.60015819423,646.1622599861253,1
2023-01-30 00:00:00,45743.60015819423,46152.22057710577,45749.89538184683,45892.7851438725,876.6971482229849,0
2023-01-30 01:00:00,45892.7851438725,45356.335029414906,45270.604037798024,45318.61427835617,763.6834771936095,1
2023-01-30 02:00:00,45318.61427835617,45942.126534433366,45592.936995966375,45737.37051901835,997.5141099132425,0
2023-01-30 03:00:00,45737.37051901835,45718.690446288456,45635.73241332726,45652.80114377584,518.5085657737848,0
2023-01-30 04:00:00,45652.80114377584,45531.42954395633,45369.55161503139,45414.16344268554,977.8088201311634,1
2023-01-30 05:00:00,45414.16344268554,45969.27989660744,45819.78746261518,45890.56220703595,944.1687082905048,0
2023-01-30 06:00:00,45890.56220703595,45614.23725575072,45397.23699974372,45567.33492757609,163.93140013960192,0
2023-01-30 07:00:00,45567.33492757609,45073.70158078516,44767.203683555534,44925.53665133683,522.1964899428208,0
2023-01-30 08:00:00,44925.53665133683,44334.82199176373,44163.21782072941,44226.21264145995,250.74198018469693,1
2023-01-30 09:00:00,44226.21264145995,44872.921216072165,44391.26475807249,44494.22789117048,818.463877488268,0
2023-01-30 10:00:00,44494.22789117048,44188.7607815424,43695.654282214884,43924.510737085344,309.2553929870481,1
2023-01-30 11:00:00,43924.510737085344,44780.55716666487,44565.647036294686,44695.29549596481,419.7877736264989,0
2023-01-30 12:00:00,44695.29549596481,43864.58111289629,43725.07052268528,43764.77099509379,289.45624569880863,1
2023-01-30 13:00:00,43764.77099509379,44591.652439586134,44433.324732154724,44507.221239707615,408.3806318702694,1
2023-01-30 14:00:00,44507.221239707615,44608.15036476897,44411.93483240083,44601.139250689914,372.1775601506828,0
2023-01-30 15:00:00,44601.139250689914,44859.22255292251,44495.13556270326,44558.004100990926,223.43363933746883,0
2023-01-30 16:00:00,44558.004100990926,44355.932347842376,43718.48741784841,44315.19903194351,229.6709074118796,1
2023-01-30 17:00:00,44315.19903194351,44809.38979960099,44318.25485463365,44492.076995427,539.0508866896112,0
2023-01-30 18:00:00,44492.076995427,44493.25603790805,44290.080308871584,44475.33253464714,375.8171212385383,1
2023-01-30 19:00:00,44475.33253464714,45232.6469185387,44443.98390923317,44966.02971553501,752.5054686692068,1
2023-01-30 20:00:00,44966.02971553501,45429.87806032526,44834.13840335019,45017.39335397574,799.3443570865805,1
2023-01-30 21:00:00,45017.39335397574,45178.40866791715,44903.387261595664,45085.05528915099,584.2204348275127,0
2023-01-30 22:00:00,45085.05528915099,44983.759295037744,44731.29330681676,44921.12052223626,275.64986549678537,0
2023-01-30 23:00:00,44921.12052223626,45277.757300708356,44878.76151105126,44895.53990997238,543.3121636779679,1
2023-01-31 00:00:00,44895.53990997238,45314.49009511467,45019.76781714085,45033.72917596892,425.2634011604677,0
2023-01-31 01:00:00,45033.72917596892,44324.023434365496,44030.211992059405,44263.57657356691,395.40979511050546,0
2023-01-31 02:00:00,44263.57657356691,44008.05341119112,43606.99945193506,43666.821486899484,213.40182507759485,1
2023-01-31 03:00:00,43666.821486899484,44048.99908049986,43715.31167421207,43991.38129201261,621.3830199957441,1
2023-01-31 04:00:00,43991.38129201261,44555.41727957131,44031.50449191464,44066.547358395736,306.8440532178566,0
2023-01-31 05:00:00,44066.547358395736,44446.58860817939,43795.5007976846,43985.47225435032,695.5005336662701,1
2023-01-31 06:00:00,43985.47225435032,44041.26417294575,43752.20917141518,43993.580506864186,266.74331984499133,1
2023-01-31 07:00:00,43993.580506864186,44347.06276904015,43988.659792128674,44146.4941442396,264.5540018819354,0
2023-01-31 08:00:00,44146.4941442396,44028.57667321974,43725.25817005026,43908.20916857886,934.4114036780044,0
2023-01-31 09:00:00,43908.20916857886,43581.17180880839,43469.51527088092,43566.46950178028,228.70101039915374,1
2023-01-31 10:00:00,43566.46950178028,43917.622865241254,43539.78265938175,43651.7923651131,430.6516558273634,0
2023-01-31 11:00:00,43651.7923651131,43249.82285398606,43042.112636936996,43224.715111671794,860.6087663464313,1
2023-01-31 12:00:00,43224.715111671794,43516.45784155241,43296.17711117614,43401.181202264925,705.4881529712201,0
2023-01-31 13:00:00,43401.181202264925,42807.80144827166,42517.864555379936,42662.23980706961,886.6645959746667,1
2023-01-31 14:00:00,42662.23980706961,43282.02134616473,42910.21514798012,43101.30065305345,100.5880516851696,1
2023-01-31 15:00:00,43101.30065305345,43369.12772421398,43223.752470092295,43304.996314827054,664.5960415816102,1
2023-01-31 16:00:00,43304.996314827054,43554.21633325363,43316.363694222564,43415.869981836535,512.4912351288178,1
2023-01-31 17:00:00,43415.869981836535,43999.151507225426,43785.14478151503,43842.513821749555,537.5174366934316,1
2023-01-31 18:00:00,43842.513821749555,44781.41277224491,44423.87599712854,44572.69968526076,314.3319882991267,1
2023-01-31 19:00:00,44572.69968526076,45040.4955438094,44824.474106538124,45024.83180803848,519.6694716458369,0
2023-01-31 20:00:00,45024.83180803848,44330.08629178899,44094.8417426336,44195.98128158388,538.5388186900457,0
2023-01-31 21:00:00,44195.98128158388,44053.4990009185,43324.82769563905,43630.45968488191,999.6019329253947,0
2023-01-31 22:00:00,43630.45968488191,43471.9333413322,43056.871772192244,43357.84846723675,844.7977470466423,1
2023-01-31 23:00:00,43357.84846723675,43499.1310950533,43128.46136723405,43369.16098525067,559.5226817136039,1
2023-02-01 00:00:00,43369.16098525067,43761.1102008344,43546.7157433006,43593.6653591926,558.8686085954118,0
2023-02-01 01:00:00,43593.6653591926,43418.1184032992,43276.88759024955,43277.287029921434,131.42039739060144,1
2023-02-01 02:00:00,43277.287029921434,43809.93065720575,42984.21664354687,43358.11461866068,855.2623554822687,0
2023-02-01 03:00:00,43358.11461866068,43364.75580150155,42965.72676659473,43030.59482104112,144.6529360049537,0
2023-02-01 04:00:00,43030.59482104112,42889.3065937649,42696.99382275327,42767.45507297713,647.4875500069945,0
2023-02-01 05:00:00,42767.45507297713,42337.602378202835,42050.694504481675,42165.86192035351,441.77637062738575,0
2023-02-01 06:00:00,42165.86192035351,41870.57263890591,41513.975736553104,41776.572664595595,775.6926842899502,0
2023-02-01 07:00:00,41776.572664595595,41278.85738943314,41119.932653909964,41211.88516313414,313.2399924159838,0
2023-02-01 08:00:00,41211.88516313414,40949.58625683259,40432.503452385165,40809.70939877938,936.2302454905187,1
2023-02-01 09:00:00,40809.70939877938,41371.662898884046,41205.42293529693,41239.69755407911,117.23993699612761,0
2023-02-01 10:00:00,41239.69755407911,40868.19772055394,40583.49838038538,40848.168323743026,797.7196466514544,1
2023-02-01 11:00:00,40848.168323743026,42070.75208831236,41670.92369843154,41923.44818051182,127.09348499018705,1
2023-02-01 12:00:00,41923.44818051182,42149.591837040396,42077.12928251877,42130.26405505281,939.8845789833756,1
2023-02-01 13:00:00,42130.26405505281,42354.81364214715,41899.54709864274,42208.13600203458,710.6499714633741,0
2023-02-01 14:00:00,42208.13600203458,42027.6916993047,41750.52701405465,41845.83918279165,952.445316610223,1
2023-02-01 15:00:00,41845.83918279165,42208.70157429116,42026.50513045284,42138.88972871034,349.7182117524586,0
2023-02-01 16:00:00,42138.88972871034,42079.838033898464,41587.82491321654,41896.32233987526,991.0979614781792,1
2023-02-01 17:00:00,41896.32233987526,42175.70104683039,41679.1083797658,41947.43996510537,171.04546265189998,1
2023-02-01 18:00:00,41947.43996510537,43373.99383487758,42936.90674522122,43021.329889851615,409.0480319598798,0
2023-02-01 19:00:00,43021.329889851615,43080.67008602836,42731.859722271765,42980.003643499214,935.7675059038546,1
2023-02-01 20:00:00,42980.003643499214,43544.4015746289,43224.48790533451,43473.96136101056,235.42504390539773,0
2023-02-01 21:00:00,43473.96136101056,43180.176773046835,43063.60586210845,43168.262713651595,551.3661643151497,0
2023-02-01 22:00:00,43168.262713651595,43193.48458810649,42801.35843620863,43153.158790154324,695.7222693733104,1
2023-02-01 23:00:00,43153.158790154324,44098.41901072105,43738.13105039099,43917.315200307174,620.1020014246795,0
2023-02-02 00:00:00,43917.315200307174,43849.03102399977,43260.67625661203,43641.96810133643,462.16563336938054,1
2023-02-02 01:00:00,43641.96810133643,44492.97635857922,44301.00671962266,44432.95632287059,721.9502314653356,1
2023-02-02 02:00:00,44432.95632287059,44931.905885760956,44611.2672966737,44747.431431225785,266.1692116126323,0
2023-02-02 03:00:00,44747.431431225785,44681.75800220912,44076.41715861385,44495.74199635907,847.8542539495616,1
2023-02-02 04:00:00,44495.74199635907,44856.05732774112,44649.44300732484,44777.13651229423,578.3094227703748,1
2023-02-02 05:00:00,44777.13651229423,45226.784681854166,44794.259033435745,45212.61854585999,369.9478627993204,1
2023-02-02 06:00:00,45212.61854585999,45805.00405862211,45041.71187391103,45493.7551121574,247.96497617099087,0
2023-02-02 07:00:00,45493.7551121574,44806.905201305875,44553.564074853726,44779.40092337988,912.1717299574931,0
2023-02-02 08:00:00,44779.40092337988,44734.67602905346,44265.683474713034,44453.79325215432,692.7952194457903,0
2023-02-02 09:00:00,44453.79325215432,44767.11585939763,44164.19413370513,44343.7618296457,908.5478199256314,0
2023-02-02 10:00:00,44343.7618296457,44677.40180786519,44098.05336504375,44310.75524712393,109.72997527167671,1
2023-02-02 11:00:00,44310.75524712393,44689.82427721169,44472.89590851589,44585.7797411568,194.00906629013625,1
2023-02-02 12:00:00,44585.7797411568,44917.411916369696,44126.42131450847,44665.009118030735,206.8381859582003,0
2023-02-02 13:00:00,44665.009118030735,44101.38871449977,43918.8674638204,44068.57743845576,764.9800094197294,1
2023-02-02 14:00:00,44068.57743845576,44252.05838092771,44189.18871001587,44236.125222845665,579.0626883563091,1
2023-02-02 15:00:00,44236.125222845665,44894.392572418954,44376.65717998496,44506.22469772227,944.4841557861845,1
2023-02-02 16:00:00,44506.22469772227,45182.289422655085,44562.83206076558,44755.366292314844,145.31457427241793,1
2023-02-02 17:00:00,44755.366292314844,45268.36606706749,45170.84547746822,45239.07366485355,512.1360949906251,1
2023-02-02 18:00:00,45239.07366485355,45743.271884077185,45311.73346732323,45616.33232265746,327.57230642510007,1
2023-02-02 19:00:00,45616.33232265746,46253.24385577269,45590.09891802038,45825.79343355774,841.1970039506372,0
2023-02-02 20:00:00,45825.79343355774,45815.0791488916,45490.074171324864,45793.639439563514,415.73719840151404,0
2023-02-02 21:00:00,45793.639439563514,45292.76723192245,44916.252548068755,45033.02497843719,395.36153451785077,1
2023-02-02 22:00:00,45033.02497843719,45570.06854724364,44586.05270255866,45226.49505837109,856.8178393626165,1
2023-02-02 23:00:00,45226.49505837109,45446.31811455024,45025.53771192773,45320.42491994276,827.5651650043219,1
2023-02-03 00:00:00,45320.42491994276,45536.98893958074,45181.31913054033,45443.50560295234,513.2116209580129,0
2023-02-03 01:00:00,45443.50560295234,44955.44704198514,44821.403203570844,44863.30629236382,206.77938916742227,0
2023-02-03 02:00:00,44863.30629236382,44420.56203619251,44278.6307502691,44378.30858544683,578.4149374180581,1
2023-02-03 03:00:00,44378.30858544683,44851.69646996043,44730.462797640444,44845.68000857534,466.97329450245905,0
2023-02-03 04:00:00,44845.68000857534,44929.590540420235,44607.77013465497,44827.94123084989,974.0358166314572,1
2023-02-03 05:00:00,44827.94123084989,45522.373594696,45020.81671094753,45133.44396295592,161.6054073094151,1
2023-02-03 06:00:00,45133.44396295592,45363.54372651672,45099.58642475242,45146.225021377984,651.5162519828593,1
2023-02-03 07:00:00,45146.225021377984,45200.264346035816,45049.601561917465,45159.658795072406,169.1227434829794,0
